city,district,ward,final_ranking,sale,lat,lon
Hà Nội,Quận Hoàng Mai,Phường Hoàng Liệt,1,34183.00148,20.962423,105.8393925
Hà Nội,Quận Hoàng Mai,Phường Đại Kim,31,26564.41542,20.9730903,105.8250742
Hà Nội,Quận Hoàng Mai,Phường Định Công,61,24700.8609,20.9826495,105.8291858
Hà Nội,Quận Hoàng Mai,Phường Hoàng Văn Thụ,91,15721.60365,20.9862731,105.858834
Hà Nội,Quận Hoàng Mai,Phường Thịnh Liệt,121,13863.25752,20.9759193,105.8502634
Hà Nội,Quận Hoàng Mai,Phường Mai Động,151,13023.89125,20.9913448,105.8644046
Hà Nội,Quận Hoàng Mai,Phường Lĩnh Nam,181,12967.30204,20.9805771,105.8912598
Hà Nội,Quận Hoàng Mai,Phường Vĩnh Hưng,211,12818.15001,20.9879614,105.8752564
Hà Nội,Quận Hoàng Mai,Phường Yên Sở,241,10234.2691,20.9635712,105.8701509
Hà Nội,Quận Hoàng Mai,Phường Tương Mai,271,9794.921825,20.9879341,105.8501758
Hà Nội,Quận Hoàng Mai,Phường Tân Mai,301,8879.418103,20.9829654,105.8488998
Hà Nội,Quận Hoàng Mai,Phường Thanh Trì,331,8282.125431,20.9946479,105.8917139
Hà Nội,Quận Hoàng Mai,Phường Giáp Bát,361,6983.659352,20.9850298,105.8431539
Hà Nội,Quận Hoàng Mai,Phường Trần Phú,391,6701.244583,20.9711195,105.8832556
Hà Nội,Quận Nam Từ Liêm,Phường Tây Mỗ,2,33034.37469,21.0096762,105.7445572
Hà Nội,Quận Nam Từ Liêm,Phường Mễ Trì,32,32962.04234,21.0081098,105.7792886
Hà Nội,Quận Nam Từ Liêm,Phường Mỹ Đình 2,62,25445.59059,21.0282405,105.7746453
Hà Nội,Quận Nam Từ Liêm,Phường Trung Văn,92,24245.05019,20.9921504,105.7838655
Hà Nội,Quận Nam Từ Liêm,Phường Mỹ Đình 1,122,19843.97289,21.021042,105.7690213
Hà Nội,Quận Nam Từ Liêm,Phường Cầu Diễn,152,16045.19767,21.0345973,105.7625765
Hà Nội,Quận Nam Từ Liêm,Phường Đại Mỗ,182,15378.60245,20.9932717,105.7630172
Hà Nội,Quận Nam Từ Liêm,Phường Phú Đô,212,10050.90009,21.0093455,105.7663513
Hà Nội,Quận Nam Từ Liêm,Phường Phương Canh,242,10004.65819,21.0426922,105.7390327
Hà Nội,Quận Nam Từ Liêm,Phường Xuân Phương,272,8843.344621,21.0287352,105.7474443
Hà Nội,Quận Hà Đông,Phường La Khê,3,21652.35882,20.9696783,105.7601018
Hà Nội,Quận Hà Đông,Phường Dương Nội,33,20397.39149,20.9809284,105.74637
Hà Nội,Quận Hà Đông,Phường Mộ Lao,63,18804.50081,20.9821715,105.7842539
Hà Nội,Quận Hà Đông,Phường Kiến Hưng,93,17295.89338,20.9527894,105.7875583
Hà Nội,Quận Hà Đông,Phường Yên Nghĩa,123,16592.83668,20.951446,105.7351127
Hà Nội,Quận Hà Đông,Phường Văn Quán,153,14041.8888,20.9783124,105.7902096
Hà Nội,Quận Hà Đông,Phường Phúc La,183,13517.84448,20.9675836,105.7895084
Hà Nội,Quận Hà Đông,Phường Phú La,213,13298.12271,20.9580348,105.7641533
Hà Nội,Quận Hà Đông,Phường Vạn Phúc,243,9985.378417,20.9803136,105.7719148
Hà Nội,Quận Hà Đông,Phường Hà Cầu,273,9288.791224,20.9649387,105.7782818
Hà Nội,Quận Hà Đông,Phường Phú Lãm,303,7332.144019,20.9426807,105.7526272
Hà Nội,Quận Hà Đông,Phường Phú Lương,333,7034.586472,20.9397761,105.77085
Hà Nội,Quận Hà Đông,Phường Quang Trung,363,6452.433289,20.971131,105.7714768
Hà Nội,Quận Hà Đông,Phường Nguyễn Trãi,393,3583.235476,20.9716052,105.7788376
Hà Nội,Quận Hà Đông,Phường Yết Kiêu,423,3347.45384,20.974822,105.778107
Hà Nội,Quận Hà Đông,Phường Đồng Mai,453,3232.571594,20.9281504,105.7396539
Hà Nội,Quận Hà Đông,Phường Biên Giang,483,2985.356539,20.9295202,105.7223742
Hà Nội,Quận Cầu Giấy,Phường Trung Hòa,4,37771.66239,21.0103232,105.7994479
Hà Nội,Quận Cầu Giấy,Phường Yên Hòa,34,31389.76372,21.0218105,105.7924411
Hà Nội,Quận Cầu Giấy,Phường Dịch Vọng Hậu,64,28702.1867,21.0365503,105.7858195
Hà Nội,Quận Cầu Giấy,Phường Mai Dịch,94,18783.85627,21.0409079,105.7750351
Hà Nội,Quận Cầu Giấy,Phường Dịch Vọng,124,18262.40406,21.0350602,105.793398
Hà Nội,Quận Cầu Giấy,Phường Quan Hoa,154,15837.59868,21.0369183,105.801915
Hà Nội,Quận Cầu Giấy,Phường Nghĩa Đô,184,15696.02005,21.0469903,105.8027493
Hà Nội,Quận Cầu Giấy,Phường Nghĩa Tân,214,7395.078087,21.045681,105.7910701
Hà Nội,Quận Đống Đa,Phường Láng Thượng,5,20052.74848,21.0231298,105.8045056
Hà Nội,Quận Đống Đa,Phường Láng Hạ,35,17343.1289,21.0148521,105.8116394
Hà Nội,Quận Đống Đa,Phường Ô Chợ Dừa,65,17289.84786,21.0213924,105.8250224
Hà Nội,Quận Đống Đa,Phường Trung Liệt,95,12444.96392,21.0113515,105.8220568
Hà Nội,Quận Đống Đa,Phường Phương Mai,125,8226.731128,21.0024722,105.8381645
Hà Nội,Quận Đống Đa,Phường Khương Thượng,155,6825.489731,21.0022547,105.8285089
Hà Nội,Quận Đống Đa,Phường Quang Trung,185,6628.766617,21.0110941,105.8261016
Hà Nội,Quận Đống Đa,Phường Thịnh Quang,215,6581.902718,21.0085471,105.8174276
Hà Nội,Quận Đống Đa,Phường Hàng Bột,245,6121.119405,21.0228224,105.8310628
Hà Nội,Quận Đống Đa,Phường Nam Đồng,275,5958.323135,21.0142024,105.8307418
Hà Nội,Quận Đống Đa,Phường Cát Linh,305,5729.447496,21.0290379,105.8282952
Hà Nội,Quận Đống Đa,Phường Kim Liên,335,5670.157109,21.0062371,105.835247
Hà Nội,Quận Đống Đa,Phường Thổ Quan,365,5403.520282,21.0182944,105.8336342
Hà Nội,Quận Đống Đa,Phường Phương Liên,395,5338.560923,21.0113036,105.8374382
Hà Nội,Quận Đống Đa,Phường Trung Tự,425,5249.953625,21.0113036,105.8374382
Hà Nội,Quận Đống Đa,Phường Trung Phụng,455,4143.513224,21.015863,105.837778
Hà Nội,Quận Đống Đa,Phường Ngã Tư Sở,485,3875.677398,21.0035184,105.8213842
Hà Nội,Quận Đống Đa,Phường Văn Chương,515,3812.658093,21.0230988,105.836732
Hà Nội,Quận Đống Đa,Phường Khâm Thiên,545,3457.14118,21.0192241,105.8390581
Hà Nội,Quận Đống Đa,Phường Văn Miếu,575,3415.064767,21.0264458,105.839409
Hà Nội,Quận Đống Đa,Phường Quốc Tử Giám,605,3309.740541,21.0264458,105.839409
Hà Nội,Quận Thanh Xuân,Phường Nhân Chính,6,32263.08947,21.0039313,105.8046282
Hà Nội,Quận Thanh Xuân,Phường Thanh Xuân Trung,36,23221.51693,20.9959112,105.8057609
Hà Nội,Quận Thanh Xuân,Phường Khương Trung,66,14693.82079,20.9973125,105.8222383
Hà Nội,Quận Thanh Xuân,Phường Khương Đình,96,14490.21489,20.9899852,105.8197278
Hà Nội,Quận Thanh Xuân,Phường Khương Mai,126,10728.61042,20.9971341,105.8290537
Hà Nội,Quận Thanh Xuân,Phường Phương Liệt,156,10448.22597,20.9917597,105.8383742
Hà Nội,Quận Thanh Xuân,Phường Thượng Đình,186,10360.48161,20.9991481,105.8144297
Hà Nội,Quận Thanh Xuân,Phường Hạ Đình,216,9776.631972,20.9883454,105.8103351
Hà Nội,Quận Thanh Xuân,Phường Thanh Xuân Nam,246,8041.360722,20.9885347,105.8003285
Hà Nội,Quận Thanh Xuân,Phường Thanh Xuân Bắc,276,6728.862458,20.9934307,105.7988214
Hà Nội,Quận Thanh Xuân,Phường Kim Giang,306,4918.18627,20.9833034,105.8148726
Hà Nội,Quận Bắc Từ Liêm,Phường Cổ Nhuế 1,7,20612.51756,21.0511128,105.7833144
Hà Nội,Quận Bắc Từ Liêm,Phường Cổ Nhuế 2,37,19101.96805,21.0650823,105.7722035
Hà Nội,Quận Bắc Từ Liêm,Phường Phú Diễn,67,18405.60811,21.0513072,105.7634638
Hà Nội,Quận Bắc Từ Liêm,Phường Xuân Đỉnh,97,18210.66797,21.0748042,105.7906068
Hà Nội,Quận Bắc Từ Liêm,Phường Đông Ngạc,127,12987.41033,21.0887962,105.7852886
Hà Nội,Quận Bắc Từ Liêm,Phường Xuân Tảo,157,12027.33021,21.0611692,105.7942037
Hà Nội,Quận Bắc Từ Liêm,Phường Minh Khai,187,11427.07472,21.0603661,105.7475631
Hà Nội,Quận Bắc Từ Liêm,Phường Phúc Diễn,217,10608.89071,21.0471983,105.7517539
Hà Nội,Quận Bắc Từ Liêm,Phường Đức Thắng,247,6407.919346,21.078175,105.7759044
Hà Nội,Quận Bắc Từ Liêm,Phường Tây Tựu,277,5210.636735,21.0706439,105.7340397
Hà Nội,Quận Bắc Từ Liêm,Phường Thụy Phương,307,4087.810633,21.0809809,105.7668226
Hà Nội,Quận Bắc Từ Liêm,Phường Liên Mạc,337,2686.249893,21.084938,105.7541724
Hà Nội,Quận Bắc Từ Liêm,Phường Thượng Cát,367,1416.525373,21.0913325,105.73538
Hà Nội,Quận Long Biên,Phường Bồ Đề,8,14382.51546,21.0378501,105.876133
Hà Nội,Quận Long Biên,Phường Ngọc Thụy,38,11462.4009,21.0601064,105.8670441
Hà Nội,Quận Long Biên,Phường Thạch Bàn,68,10071.3452,21.0208848,105.9163931
Hà Nội,Quận Long Biên,Phường Long Biên,98,9871.994393,21.0190364,105.8842016
Hà Nội,Quận Long Biên,Phường Thượng Thanh,128,9477.42601,21.0658534,105.8830616
Hà Nội,Quận Long Biên,Phường Phúc Đồng,158,9084.982269,21.0395447,105.8979468
Hà Nội,Quận Long Biên,Phường Phúc Lợi,188,8943.891549,21.0416204,105.9257545
Hà Nội,Quận Long Biên,Phường Việt Hưng,218,8853.320371,21.0542433,105.904724
Hà Nội,Quận Long Biên,Phường Đức Giang,248,8752.481111,21.0646143,105.8977054
Hà Nội,Quận Long Biên,Phường Ngọc Lâm,278,8358.221386,21.045761,105.8718273
Hà Nội,Quận Long Biên,Phường Giang Biên,308,7915.722238,21.064662,105.9176926
Hà Nội,Quận Long Biên,Phường Sài Đồng,338,6141.311346,21.0278186,105.9230256
Hà Nội,Quận Long Biên,Phường Gia Thụy,368,5294.898837,21.0505636,105.8873854
Hà Nội,Quận Long Biên,Phường Cự Khối,398,3585.126513,21.0077077,105.90298
Hà Nội,Quận Hai Bà Trưng,Phường Vĩnh Tuy,9,25240.30686,20.998064,105.8699226
Hà Nội,Quận Hai Bà Trưng,Phường Minh Khai,39,11427.53951,20.9962306,105.857312
Hà Nội,Quận Hai Bà Trưng,Phường Bạch Đằng,69,8144.129702,21.0137874,105.8632823
Hà Nội,Quận Hai Bà Trưng,Phường Thanh Lương,99,8076.928048,21.0058365,105.8652448
Hà Nội,Quận Hai Bà Trưng,Phường Đồng Tâm,129,7430.916262,20.9988653,105.8445167
Hà Nội,Quận Hai Bà Trưng,Phường Thanh Nhàn,159,7220.713641,21.0063673,105.8564558
Hà Nội,Quận Hai Bà Trưng,Phường Trương Định,189,7155.645584,20.9945382,105.8487653
Hà Nội,Quận Hai Bà Trưng,Phường Lê Đại Hành,219,6752.887121,21.011173,105.8485322
Hà Nội,Quận Hai Bà Trưng,Phường Nguyễn Du,249,6457.869815,21.0171685,105.8479585
Hà Nội,Quận Hai Bà Trưng,Phường Phạm Đình Hổ,279,6113.142761,21.0160501,105.8565135
Hà Nội,Quận Hai Bà Trưng,Phường Bách Khoa,309,5297.92341,21.0039617,105.8461179
Hà Nội,Quận Hai Bà Trưng,Phường Bạch Mai,339,5047.647112,21.0004767,105.8517351
Hà Nội,Quận Hai Bà Trưng,Phường Quỳnh Lôi,369,4280.670687,20.9990583,105.8559156
Hà Nội,Quận Hai Bà Trưng,Phường Cầu Dền,399,2973.159873,21.006139,105.850093
Hà Nội,Quận Hai Bà Trưng,Phường Phố Huế,429,2952.866109,21.0112737,105.8527389
Hà Nội,Quận Hai Bà Trưng,Phường Đống Mác,459,2779.540308,21.0110707,105.8599491
Hà Nội,Quận Hai Bà Trưng,Phường Quỳnh Mai,489,2345.82446,21.0007884,105.8601594
Hà Nội,Quận Hai Bà Trưng,Phường Đồng Nhân,519,1954.902197,21.0118254,105.8559955
Hà Nội,Quận Ba Đình,Phường Ngọc Khánh,10,10389.47065,21.0296494,105.810283
Hà Nội,Quận Ba Đình,Phường Liễu Giai,40,9366.91739,21.0375836,105.8174205
Hà Nội,Quận Ba Đình,Phường Thành Công,70,8209.767964,21.0205111,105.8152857
Hà Nội,Quận Ba Đình,Phường Cống Vị,100,7686.199513,21.0350399,105.8101844
Hà Nội,Quận Ba Đình,Phường Vĩnh Phúc,130,7276.301951,21.0421695,105.8101415
Hà Nội,Quận Ba Đình,Phường Ngọc Hà,160,6577.47271,21.0385,105.8250869
Hà Nội,Quận Ba Đình,Phường Giảng Võ,190,6433.56671,21.0269451,105.8180198
Hà Nội,Quận Ba Đình,Phường Kim Mã,220,6280.969016,21.0314542,105.8249046
Hà Nội,Quận Ba Đình,Phường Đội Cấn,250,5894.289795,21.0346472,105.8266045
Hà Nội,Quận Ba Đình,Phường Phúc Xá,280,5708.085046,21.0456942,105.8482503
Hà Nội,Quận Ba Đình,Phường Điện Biên,310,4793.94022,21.0324225,105.8376346
Hà Nội,Quận Ba Đình,Phường Trúc Bạch,340,3998.699595,21.0460498,105.8418932
Hà Nội,Quận Ba Đình,Phường Quán Thánh,370,3157.273619,21.0415304,105.8414121
Hà Nội,Quận Ba Đình,Phường Nguyễn Trung Trực,400,1853.559243,21.0408019,105.8473342
Hà Nội,Huyện Thanh Trì,Xã Tân Triều,11,18779.26146,20.9770834,105.8042144
Hà Nội,Huyện Thanh Trì,Xã Tả Thanh Oai,41,9878.059437,20.9346957,105.8063974
Hà Nội,Huyện Thanh Trì,Xã Tứ Hiệp,71,9663.353773,20.9464541,105.8553648
Hà Nội,Huyện Thanh Trì,Xã Thanh Liệt,101,8320.244364,20.9647474,105.813641
Hà Nội,Huyện Thanh Trì,Xã Vĩnh Quỳnh,131,5354.647375,20.9360832,105.8309372
Hà Nội,Huyện Thanh Trì,Xã Tam Hiệp,161,4600.904126,20.9515277,105.827072
Hà Nội,Huyện Thanh Trì,Xã Ngũ Hiệp,191,3896.006913,20.9274942,105.8546601
Hà Nội,Huyện Thanh Trì,Xã Ngọc Hồi,221,3010.35952,20.9233689,105.8426967
Hà Nội,Huyện Thanh Trì,Xã Hữu Hòa,251,2734.401412,20.9468167,105.8044079
Hà Nội,Huyện Thanh Trì,Xã Liên Ninh,281,2667.534941,20.9071773,105.8565293
Hà Nội,Huyện Thanh Trì,Thị Trấn Văn Điển,311,2141.300373,20.9475092,105.8453274
Hà Nội,Huyện Thanh Trì,Xã Vạn Phúc,341,1810.068889,20.9175478,105.8984139
Hà Nội,Huyện Thanh Trì,Xã Đông Mỹ,371,1710.517462,20.9175973,105.873665
Hà Nội,Huyện Thanh Trì,Xã Đại Áng,401,1668.433637,20.9073394,105.8305579
Hà Nội,Huyện Thanh Trì,Xã Yên Mỹ,431,1089.49947,20.947154,105.870189
Hà Nội,Huyện Thanh Trì,Xã Duyên Hà,461,822.0435564,20.9248072,105.8785632
Hà Nội,Huyện Gia Lâm,Xã Đa Tốn,12,16473.28668,20.9862042,105.930004
Hà Nội,Huyện Gia Lâm,Thị Trấn Trâu Quỳ,42,12937.86124,21.0120565,105.9331088
Hà Nội,Huyện Gia Lâm,Xã Ninh Hiệp,72,5541.331122,21.0817772,105.945003
Hà Nội,Huyện Gia Lâm,Xã Đặng Xá,102,4637.472701,21.0273734,105.9587969
Hà Nội,Huyện Gia Lâm,Xã Yên Thường,132,3209.975757,21.1035439,105.9155631
Hà Nội,Huyện Gia Lâm,Xã Dương Xá,162,3194.920628,21.0046345,105.970087
Hà Nội,Huyện Gia Lâm,Xã Kiêu Kỵ,192,3049.649841,20.9825579,105.9564399
Hà Nội,Huyện Gia Lâm,Xã Bát Tràng,222,2917.2285,20.9796328,105.9146403
Hà Nội,Huyện Gia Lâm,Thị Trấn Yên Viên,252,2732.471896,21.086578,105.9190616
Hà Nội,Huyện Gia Lâm,Xã Cổ Bi,282,2274.410017,21.0316295,105.9407692
Hà Nội,Huyện Gia Lâm,Xã Yên Viên,312,2148.801611,21.0900361,105.9137494
Hà Nội,Huyện Gia Lâm,Xã Kim Sơn,342,2011.762512,21.0260269,105.9879282
Hà Nội,Huyện Gia Lâm,Xã Lệ Chi,372,1937.671904,21.039526,106.0028314
Hà Nội,Huyện Gia Lâm,Xã Phù Đổng,402,1763.380494,21.0557012,105.9599383
Hà Nội,Huyện Gia Lâm,Xã Phú Thị,432,1680.136261,21.0221855,105.9705301
Hà Nội,Huyện Gia Lâm,Xã Dương Quang,462,1597.184246,21.0045144,105.9811592
Hà Nội,Huyện Gia Lâm,Xã Đình Xuyên,492,1596.691078,21.0769282,105.9347661
Hà Nội,Huyện Gia Lâm,Xã Đông Dư,522,1594.347393,20.9992431,105.9172337
Hà Nội,Huyện Gia Lâm,Xã Kim Lan,552,1358.600239,20.9591007,105.9045091
Hà Nội,Huyện Gia Lâm,Xã Dương Hà,582,1335.625071,21.0744298,105.9262555
Hà Nội,Huyện Gia Lâm,Xã Văn Đức,612,954.6590126,21.081217,105.913428
Hà Nội,Huyện Gia Lâm,Xã Trung Mầu,642,615.9087296,21.061732,105.989442
Hà Nội,Quận Tây Hồ,Phường Xuân La,13,16109.57853,21.0632614,105.8070213
Hà Nội,Quận Tây Hồ,Phường Phú Thượng,43,11936.23216,21.081992,105.8073736
Hà Nội,Quận Tây Hồ,Phường Yên Phụ,73,8891.160931,21.0536973,105.8413419
Hà Nội,Quận Tây Hồ,Phường Bưởi,103,8625.877565,21.0501972,105.8107606
Hà Nội,Quận Tây Hồ,Phường Quảng An,133,7428.731308,21.0651132,105.8256634
Hà Nội,Quận Tây Hồ,Phường Thụy Khuê,163,6359.731445,21.0415726,105.8264577
Hà Nội,Quận Tây Hồ,Phường Nhật Tân,193,5959.614865,21.0779203,105.8244598
Hà Nội,Quận Tây Hồ,Phường Tứ Liên,223,5520.029388,21.0656505,105.8377445
Hà Nội,Huyện Đông Anh,Thị Trấn Đông Anh,14,6046.928134,21.1506087,105.8456762
Hà Nội,Huyện Đông Anh,Xã Kim Chung,44,4382.792351,21.1317734,105.778368
Hà Nội,Huyện Đông Anh,Xã Đông Hội,74,4157.699613,21.0763131,105.8786744
Hà Nội,Huyện Đông Anh,Xã Vĩnh Ngọc,104,3953.488793,21.1080354,105.8234806
Hà Nội,Huyện Đông Anh,Xã Uy Nỗ,134,3832.521756,21.1391877,105.8584423
Hà Nội,Huyện Đông Anh,Xã Hải Bối,164,3487.501145,21.1168799,105.803121
Hà Nội,Huyện Đông Anh,Xã Liên Hà,194,3031.994227,21.1514687,105.9005513
Hà Nội,Huyện Đông Anh,Xã Tiên Dương,224,2922.687921,21.1526727,105.8333189
Hà Nội,Huyện Đông Anh,Xã Nam Hồng,254,2818.955293,21.1678758,105.7852402
Hà Nội,Huyện Đông Anh,Xã Nguyên Khê,284,2743.183604,21.1780917,105.8394477
Hà Nội,Huyện Đông Anh,Xã Võng La,314,2536.163662,21.108679,105.7709655
Hà Nội,Huyện Đông Anh,Xã Dục Tú,344,2493.094997,21.1152711,105.8975949
Hà Nội,Huyện Đông Anh,Xã Việt Hùng,374,2458.277681,21.1367662,105.8760518
Hà Nội,Huyện Đông Anh,Xã Cổ Loa,404,2419.062367,21.1161428,105.8701982
Hà Nội,Huyện Đông Anh,Xã Vân Nội,434,2418.266776,21.1526719,105.815577
Hà Nội,Huyện Đông Anh,Xã Thụy Lâm,464,2248.77257,21.1765007,105.8970217
Hà Nội,Huyện Đông Anh,Xã Kim Nỗ,494,2173.003859,21.1326224,105.7936113
Hà Nội,Huyện Đông Anh,Xã Đại Mạch,524,2126.861746,21.1274934,105.7578371
Hà Nội,Huyện Đông Anh,Xã Mai Lâm,554,2038.325832,21.0870535,105.8874594
Hà Nội,Huyện Đông Anh,Xã Bắc Hồng,584,1788.245375,21.1789807,105.8064795
Hà Nội,Huyện Đông Anh,Xã Xuân Nộn,614,1749.053842,21.1843409,105.8733706
Hà Nội,Huyện Đông Anh,Xã Xuân Canh,644,1713.698619,21.0891916,105.8508567
Hà Nội,Huyện Đông Anh,Xã Vân Hà,674,1461.834339,21.1477348,105.9160492
Hà Nội,Huyện Đông Anh,Xã Tàm Xá,704,749.379185,21.1098374,105.843241
Hà Nội,Huyện Hoài Đức,Xã An Khánh,15,15033.83561,21.0023161,105.7179738
Hà Nội,Huyện Hoài Đức,Xã Kim Chung,45,7194.439778,21.0528608,105.705721
Hà Nội,Huyện Hoài Đức,Xã Vân Canh,75,6580.62943,21.0349666,105.7296033
Hà Nội,Huyện Hoài Đức,Xã La Phù,105,3457.210317,20.9831862,105.7315043
Hà Nội,Huyện Hoài Đức,Xã An Thượng,135,3446.551924,20.9940074,105.7040625
Hà Nội,Huyện Hoài Đức,Xã Di Trạch,165,3096.234959,21.0498409,105.7207904
Hà Nội,Huyện Hoài Đức,Xã Đông La,195,3073.918138,20.9659419,105.7221001
Hà Nội,Huyện Hoài Đức,Xã Đức Thượng,225,2885.650211,21.0738441,105.694728
Hà Nội,Huyện Hoài Đức,Thị Trấn Trạm Trôi,255,2530.252942,21.0698562,105.7076738
Hà Nội,Huyện Hoài Đức,Xã Vân Côn,285,2180.733225,20.9905598,105.6786274
Hà Nội,Huyện Hoài Đức,Xã Dương Liễu,315,2078.667076,21.0565672,105.6748747
Hà Nội,Huyện Hoài Đức,Xã Song Phương,345,2051.102696,21.0175443,105.6971079
Hà Nội,Huyện Hoài Đức,Xã Đức Giang,375,1882.707287,21.0601674,105.7056739
Hà Nội,Huyện Hoài Đức,Xã Cát Quế,405,1849.433316,21.0507951,105.6782037
Hà Nội,Huyện Hoài Đức,Xã Yên Sở,435,1697.710647,21.0438086,105.6804944
Hà Nội,Huyện Hoài Đức,Xã Sơn Đồng,465,1683.118172,21.0409253,105.6995826
Hà Nội,Huyện Hoài Đức,Xã Lại Yên,495,1358.232557,21.0258295,105.7078686
Hà Nội,Huyện Hoài Đức,Xã Tiền Yên,525,928.2447275,21.0261465,105.6863449
Hà Nội,Huyện Hoài Đức,Xã Minh Khai,555,753.7572241,21.0658814,105.6740904
Hà Nội,Huyện Hoài Đức,Xã Đắc Sở,585,638.0041771,21.034417,105.6836827
Hà Nội,Quận Hoàn Kiếm,Phường Trần Hưng Đạo,16,6465.405544,21.0230081,105.8468195
Hà Nội,Quận Hoàn Kiếm,Phường Chương Dương,46,6034.426229,21.0259068,105.8612108
Hà Nội,Quận Hoàn Kiếm,Phường Phan Chu Trinh,76,5150.731372,21.0210957,105.8579407
Hà Nội,Quận Hoàn Kiếm,Phường Tràng Tiền,106,3815.663843,21.025306,105.8554601
Hà Nội,Quận Hoàn Kiếm,Phường Phúc Tân,136,3743.792898,21.0363416,105.855503
Hà Nội,Quận Hoàn Kiếm,Phường Hàng Bài,166,3554.539233,21.0210073,105.85219
Hà Nội,Quận Hoàn Kiếm,Phường Cửa Nam,196,3255.323069,21.0249965,105.8423489
Hà Nội,Quận Hoàn Kiếm,Phường Lý Thái Tổ,226,3152.544066,21.0312636,105.8552522
Hà Nội,Quận Hoàn Kiếm,Phường Hàng Bông,256,2741.571102,21.0288036,105.8458912
Hà Nội,Quận Hoàn Kiếm,Phường Cửa Đông,286,2440.453888,21.0325617,105.8454043
Hà Nội,Quận Hoàn Kiếm,Phường Hàng Trống,316,2436.184593,21.028966,105.8505357
Hà Nội,Quận Hoàn Kiếm,Phường Hàng Mã,346,2200.809841,21.0376748,105.846332
Hà Nội,Quận Hoàn Kiếm,Phường Đồng Xuân,376,2057.666651,21.0388537,105.8500621
Hà Nội,Quận Hoàn Kiếm,Phường Hàng Buồm,406,2037.959866,21.035662,105.8523329
Hà Nội,Quận Hoàn Kiếm,Phường Hàng Bồ,436,1518.936362,21.0350539,105.8478078
Hà Nội,Quận Hoàn Kiếm,Phường Hàng Gai,466,1439.403763,21.0321611,105.8490719
Hà Nội,Quận Hoàn Kiếm,Phường Hàng Bạc,496,1427.658174,21.0337473,105.8523179
Hà Nội,Quận Hoàn Kiếm,Phường Hàng Đào,526,1103.41148,21.0342097,105.850201
Hà Nội,Huyện Sóc Sơn,Xã Phù Lỗ,17,2961.009695,21.1995929,105.8422428
Hà Nội,Huyện Sóc Sơn,Xã Mai Đình,47,2959.420293,21.224692,105.8315291
Hà Nội,Huyện Sóc Sơn,Xã Tiên Dược,77,2547.948151,21.2501095,105.8486755
Hà Nội,Huyện Sóc Sơn,Xã Phú Cường,107,2445.658106,21.2060361,105.7883766
Hà Nội,Huyện Sóc Sơn,Xã Phú Minh,137,2178.30803,21.1979357,105.8200975
Hà Nội,Huyện Sóc Sơn,Xã Trung Giã,167,1878.66563,21.3133162,105.8674362
Hà Nội,Huyện Sóc Sơn,Xã Thanh Xuân,197,1786.044377,21.228726,105.758356
Hà Nội,Huyện Sóc Sơn,Xã Quang Tiến,227,1641.1493,21.2381645,105.8052746
Hà Nội,Huyện Sóc Sơn,Xã Minh Trí,257,1621.723083,21.2731725,105.7496094
Hà Nội,Huyện Sóc Sơn,Xã Phù Linh,287,1534.745879,21.2709877,105.8543378
Hà Nội,Huyện Sóc Sơn,Xã Đông Xuân,317,1527.386611,21.2147406,105.8675302
Hà Nội,Huyện Sóc Sơn,Xã Tân Dân,347,1521.321284,21.2421237,105.7468915
Hà Nội,Huyện Sóc Sơn,Xã Minh Phú,377,1437.80358,21.2711786,105.7784773
Hà Nội,Huyện Sóc Sơn,Xã Tân Minh,407,1412.202886,21.2644265,105.8781065
Hà Nội,Huyện Sóc Sơn,Thị Trấn Sóc Sơn,437,1384.429256,21.2572652,105.8481633
Hà Nội,Huyện Sóc Sơn,Xã Bắc Sơn,467,1356.942149,21.3622778,105.8185963
Hà Nội,Huyện Sóc Sơn,Xã Hồng Kỳ,497,1231.924413,21.3166319,105.8554811
Hà Nội,Huyện Sóc Sơn,Xã Hiền Ninh,527,1215.777732,21.2476318,105.7915238
Hà Nội,Huyện Sóc Sơn,Xã Tân Hưng,557,1079.052947,21.3033369,105.8994135
Hà Nội,Huyện Sóc Sơn,Xã Xuân Giang,587,1047.368972,21.2428035,105.8985645
Hà Nội,Huyện Sóc Sơn,Xã Xuân Thu,617,944.6554813,21.2015356,105.8926656
Hà Nội,Huyện Sóc Sơn,Xã Bắc Phú,647,929.7735319,21.2765479,105.8913389
Hà Nội,Huyện Sóc Sơn,Xã Nam Sơn,677,899.3098699,21.3168027,105.8264792
Hà Nội,Huyện Sóc Sơn,Xã Đức Hòa,707,790.3571168,21.229502,105.8818296
Hà Nội,Huyện Sóc Sơn,Xã Kim Lũ,737,790.0994092,21.201972,105.9065043
Hà Nội,Huyện Sóc Sơn,Xã Việt Long,767,594.7121298,21.2471363,105.9157546
Hà Nội,Huyện Thạch Thất,Xã Thạch Hòa,18,6396.565768,20.9830888,105.5309806
Hà Nội,Huyện Thạch Thất,Xã Hữu Bằng,48,3220.050858,21.029427,105.618751
Hà Nội,Huyện Thạch Thất,Xã Phùng Xá,78,2749.848538,21.0149202,105.6203661
Hà Nội,Huyện Thạch Thất,Xã Tân Xã,108,2244.415631,21.0211398,105.5504554
Hà Nội,Huyện Thạch Thất,Xã Canh Nậu,138,1993.947692,21.0448029,105.6106261
Hà Nội,Huyện Thạch Thất,Xã Bình Yên,168,1947.924384,21.0415797,105.5441492
Hà Nội,Huyện Thạch Thất,Xã Bình Phú,198,1923.70865,21.0207526,105.6089149
Hà Nội,Huyện Thạch Thất,Xã Chàng Sơn,228,1749.081118,21.035336,105.592144
Hà Nội,Huyện Thạch Thất,Xã Đại Đồng,258,1499.860917,21.0894118,105.5654942
Hà Nội,Huyện Thạch Thất,Xã Phú Kim,288,1196.32673,21.0625559,105.5776602
Hà Nội,Huyện Thạch Thất,Xã Dị Nậu,318,1159.21381,21.0448029,105.6106261
Hà Nội,Huyện Thạch Thất,Thị Trấn Liên Quan,348,1123.954638,21.0583509,105.5750802
Hà Nội,Huyện Thạch Thất,Xã Thạch Xá,378,1070.871327,21.0320866,105.6029681
Hà Nội,Huyện Thạch Thất,Xã Kim Quan,408,1066.673947,21.0503848,105.5741431
Hà Nội,Huyện Thạch Thất,Xã Cần Kiệm,438,985.9110172,21.0193821,105.5820912
Hà Nội,Huyện Thạch Thất,Xã Hương Ngải,468,967.231337,21.0566319,105.5966305
Hà Nội,Huyện Thạch Thất,Xã Hạ Bằng,498,933.0811326,21.0099861,105.5570709
Hà Nội,Huyện Thạch Thất,Xã Lại Thượng,528,868.6873596,21.0685408,105.5455333
Hà Nội,Huyện Thạch Thất,Xã Yên Bình,558,851.9195711,20.9891349,105.4576923
Hà Nội,Huyện Thạch Thất,Xã Tiến Xuân,588,822.8523982,20.9697565,105.4939947
Hà Nội,Huyện Thạch Thất,Xã Đồng Trúc,618,771.4698196,20.9936803,105.5697244
Hà Nội,Huyện Thạch Thất,Xã Cẩm Yên,648,399.4705164,21.0866822,105.5379841
Hà Nội,Huyện Thạch Thất,Xã Yên Trung,678,226.135707,21.0012523,105.4224866
Hà Nội,Huyện Thường Tín,Xã Văn Bình,19,2184.392506,20.8803958,105.8622459
Hà Nội,Huyện Thường Tín,Xã Duyên Thái,49,2082.965061,20.898569,105.8665215
Hà Nội,Huyện Thường Tín,Xã Vân Tảo,79,1681.971261,20.871757,105.896315
Hà Nội,Huyện Thường Tín,Xã Tiền Phong,109,1679.228788,20.8512906,105.8295549
Hà Nội,Huyện Thường Tín,Xã Ninh Sở,139,1678.273994,20.8971275,105.8872633
Hà Nội,Huyện Thường Tín,Thị Trấn Thường Tín,169,1657.101528,20.8694084,105.8635367
Hà Nội,Huyện Thường Tín,Xã Khánh Hà,199,1639.066451,20.8927882,105.8250512
Hà Nội,Huyện Thường Tín,Xã Hà Hồi,229,1610.305168,20.8593634,105.8740371
Hà Nội,Huyện Thường Tín,Xã Minh Cường,259,1394.423536,20.7632884,105.904346
Hà Nội,Huyện Thường Tín,Xã Văn Tự,289,1258.211271,20.7853901,105.8889184
Hà Nội,Huyện Thường Tín,Xã Quất Động,319,1243.223581,20.8443365,105.8787314
Hà Nội,Huyện Thường Tín,Xã Hòa Bình,349,1242.534327,20.8775238,105.8356742
Hà Nội,Huyện Thường Tín,Xã Tô Hiệu,379,1211.133982,20.8053431,105.886177
Hà Nội,Huyện Thường Tín,Xã Liên Phương,409,1186.818286,20.8780534,105.8811602
Hà Nội,Huyện Thường Tín,Xã Thắng Lợi,439,1179.914398,20.8218193,105.8807787
Hà Nội,Huyện Thường Tín,Xã Nhị Khê,469,1123.816434,20.8956466,105.8455427
Hà Nội,Huyện Thường Tín,Xã Nguyễn Trãi,499,1115.293221,20.8476699,105.8574776
Hà Nội,Huyện Thường Tín,Xã Văn Phú,529,1114.231072,20.8678914,105.8513852
Hà Nội,Huyện Thường Tín,Xã Lê Lợi,559,1108.574325,20.8284479,105.9029124
Hà Nội,Huyện Thường Tín,Xã Vạn Điểm,589,1106.731652,20.7712846,105.9048537
Hà Nội,Huyện Thường Tín,Xã Dũng Tiến,619,1037.087577,20.820475,105.8527431
Hà Nội,Huyện Thường Tín,Xã Tự Nhiên,649,971.5383761,20.8635834,105.9184309
Hà Nội,Huyện Thường Tín,Xã Tân Minh,679,957.0208947,20.8399152,105.8409627
Hà Nội,Huyện Thường Tín,Xã Hồng Vân,709,926.4778785,20.8758637,105.9111269
Hà Nội,Huyện Thường Tín,Xã Thư Phú,739,626.5729876,20.862643,105.906238
Hà Nội,Huyện Thường Tín,Xã Nghiêm Xuyên,769,605.4584933,20.8052848,105.8557084
Hà Nội,Huyện Thường Tín,Xã Thống Nhất,799,580.7553175,20.804431,105.908033
Hà Nội,Huyện Thường Tín,Xã Hiền Giang,829,521.4574675,20.8748252,105.8213107
Hà Nội,Huyện Thường Tín,Xã Chương Dương,859,483.7666437,20.8524938,105.9050522
Hà Nội,Huyện Chương Mỹ,Thị Trấn Xuân Mai,20,3949.153313,20.8992526,105.5719852
Hà Nội,Huyện Chương Mỹ,Thị Trấn Chúc Sơn,50,2684.001721,20.9199737,105.7122664
Hà Nội,Huyện Chương Mỹ,Xã Thủy Xuân Tiên,80,2131.658868,20.8978256,105.5970885
Hà Nội,Huyện Chương Mỹ,Xã Phú Nghĩa,110,2064.098831,20.930378,105.6565729
Hà Nội,Huyện Chương Mỹ,Xã Phụng Châu,140,1644.536296,20.9478189,105.7070544
Hà Nội,Huyện Chương Mỹ,Xã Tiên Phương,170,1514.198454,20.9424758,105.6844693
Hà Nội,Huyện Chương Mỹ,Xã Lam Điền,200,1213.521152,20.8921857,105.7247095
Hà Nội,Huyện Chương Mỹ,Xã Ngọc Hòa,230,1183.755539,20.9208834,105.6932531
Hà Nội,Huyện Chương Mỹ,Xã Hoàng Diệu,260,1159.172421,20.8638801,105.731502
Hà Nội,Huyện Chương Mỹ,Xã Tốt Động,290,1146.292331,20.8809272,105.6681304
Hà Nội,Huyện Chương Mỹ,Xã Hoàng Văn Thụ,320,1042.130603,20.8714758,105.6486488
Hà Nội,Huyện Chương Mỹ,Xã Đông Sơn,350,1014.692063,20.924986,105.6223552
Hà Nội,Huyện Chương Mỹ,Xã Trường Yên,380,964.4768559,20.9147921,105.6490308
Hà Nội,Huyện Chương Mỹ,Xã Quảng Bị,410,904.340879,20.8632249,105.6995337
Hà Nội,Huyện Chương Mỹ,Xã Đông Phương Yên,440,882.0890196,20.925193,105.6357717
Hà Nội,Huyện Chương Mỹ,Xã Thụy Hương,470,854.1689859,20.9038868,105.7153002
Hà Nội,Huyện Chương Mỹ,Xã Hợp Đồng,500,847.6397725,20.8782879,105.6981261
Hà Nội,Huyện Chương Mỹ,Xã Trần Phú,530,839.2108716,20.8327858,105.6707384
Hà Nội,Huyện Chương Mỹ,Xã Hữu Văn,560,778.9295563,20.8555164,105.6570842
Hà Nội,Huyện Chương Mỹ,Xã Đồng Phú,590,762.5152589,20.833198,105.7103053
Hà Nội,Huyện Chương Mỹ,Xã Tân Tiến,620,713.5579326,20.8805726,105.6150122
Hà Nội,Huyện Chương Mỹ,Xã Đại Yên,650,679.4363663,20.9025192,105.6975128
Hà Nội,Huyện Chương Mỹ,Xã Mỹ Lương,680,671.117749,20.8600293,105.6746116
Hà Nội,Huyện Chương Mỹ,Xã Văn Võ,710,645.8318067,20.8331709,105.7476178
Hà Nội,Huyện Chương Mỹ,Xã Trung Hòa,740,599.8643227,20.9072496,105.6432291
Hà Nội,Huyện Chương Mỹ,Xã Nam Phương Tiến,770,568.5564791,20.8836186,105.6221734
Hà Nội,Huyện Chương Mỹ,Xã Thượng Vực,800,529.1269541,20.8521401,105.7200985
Hà Nội,Huyện Chương Mỹ,Xã Hòa Chính,830,520.6031391,20.81676,105.72229
Hà Nội,Huyện Chương Mỹ,Xã Đồng Lạc,860,396.3416378,20.8230001,105.6816592
Hà Nội,Huyện Chương Mỹ,Xã Thanh Bình,890,394.5174173,20.9073084,105.6225282
Hà Nội,Huyện Chương Mỹ,Xã Phú Nam An,920,343.6110484,20.816491,105.743047
Hà Nội,Huyện Chương Mỹ,Xã Hồng Phong,950,323.0035714,20.837384,105.696351
Hà Nội,Huyện Thanh Oai,Xã Cự Khê,21,5747.445994,20.9198077,105.7812621
Hà Nội,Huyện Thanh Oai,Xã Cao Viên,51,2755.640697,20.904137,105.747096
Hà Nội,Huyện Thanh Oai,Xã Bình Minh,81,2100.13853,20.896383,105.770385
Hà Nội,Huyện Thanh Oai,Xã Bích Hòa,111,2093.282485,20.9173696,105.7618247
Hà Nội,Huyện Thanh Oai,Xã Dân Hòa,141,1740.939162,20.8127872,105.7773983
Hà Nội,Huyện Thanh Oai,Xã Thanh Thùy,171,1583.995686,20.8707936,105.8056214
Hà Nội,Huyện Thanh Oai,Xã Phương Trung,201,1558.850691,20.825127,105.770251
Hà Nội,Huyện Thanh Oai,Xã Tam Hưng,231,1473.421569,20.8841518,105.7899561
Hà Nội,Huyện Thanh Oai,Xã Thanh Cao,261,1448.36783,20.883163,105.750917
Hà Nội,Huyện Thanh Oai,Xã Hồng Dương,291,1379.302519,20.796891,105.789574
Hà Nội,Huyện Thanh Oai,Xã Thanh Mai,321,1349.723593,20.8612516,105.7463121
Hà Nội,Huyện Thanh Oai,Thị Trấn Kim Bài,351,1285.439145,20.857424,105.768047
Hà Nội,Huyện Thanh Oai,Xã Mỹ Hưng,381,1098.730229,20.900274,105.801757
Hà Nội,Huyện Thanh Oai,Xã Cao Dương,411,1096.885942,20.8113979,105.7668789
Hà Nội,Huyện Thanh Oai,Xã Liên Châu,441,905.7560282,20.811258,105.824242
Hà Nội,Huyện Thanh Oai,Xã Thanh Văn,471,821.2700988,20.853692,105.805799
Hà Nội,Huyện Thanh Oai,Xã Tân Ước,501,644.2410213,20.83193,105.8070275
Hà Nội,Huyện Thanh Oai,Xã Kim Thư,531,636.4914957,20.8427892,105.7708409
Hà Nội,Huyện Thanh Oai,Xã Đỗ Động,561,622.444917,20.843123,105.788629
Hà Nội,Huyện Thanh Oai,Xã Xuân Dương,591,499.7590268,20.8063152,105.7381223
Hà Nội,Huyện Thanh Oai,Xã Kim An,621,324.9551125,20.8486489,105.7573423
Hà Nội,Huyện Mê Linh,Thị Trấn Quang Minh,22,4150.220595,21.2060671,105.7677619
Hà Nội,Huyện Mê Linh,Xã Tiền Phong,52,3335.871515,21.1515639,105.7574178
Hà Nội,Huyện Mê Linh,Xã Đại Thịnh,82,2212.278398,21.1775676,105.7285822
Hà Nội,Huyện Mê Linh,Xã Thanh Lâm,112,2113.883701,21.2075313,105.7162715
Hà Nội,Huyện Mê Linh,Xã Thạch Đà,142,1632.093477,21.1781996,105.6766042
Hà Nội,Huyện Mê Linh,Thị Trấn Chi Đông,172,1624.247946,21.2126557,105.7547004
Hà Nội,Huyện Mê Linh,Xã Mê Linh,202,1614.632654,21.1568599,105.7333502
Hà Nội,Huyện Mê Linh,Xã Văn Khê,232,1562.362386,21.1620903,105.7131874
Hà Nội,Huyện Mê Linh,Xã Liên Mạc,262,1237.297106,21.1886147,105.6607596
Hà Nội,Huyện Mê Linh,Xã Tráng Việt,292,1200.611041,21.1428192,105.7458449
Hà Nội,Huyện Mê Linh,Xã Tự Lập,322,1180.399166,21.2172042,105.6546962
Hà Nội,Huyện Mê Linh,Xã Tiến Thịnh,352,1120.581373,21.1873995,105.6407816
Hà Nội,Huyện Mê Linh,Xã Tiến Thắng,382,1094.46277,21.2328597,105.6674831
Hà Nội,Huyện Mê Linh,Xã Kim Hoa,412,1067.723511,21.2223602,105.7425271
Hà Nội,Huyện Mê Linh,Xã Tam Đồng,442,902.7914961,21.2025459,105.6888283
Hà Nội,Huyện Mê Linh,Xã Chu Phan,472,840.2216385,21.1738527,105.6514556
Hà Nội,Huyện Mê Linh,Xã Vạn Yên,502,500.5198701,21.201737,105.628674
Hà Nội,Huyện Mê Linh,Xã Hoàng Kim,532,462.0055253,21.1693508,105.6876899
Hà Nội,Huyện Đan Phượng,Xã Tân Lập,23,5758.627188,21.0811549,105.7105638
Hà Nội,Huyện Đan Phượng,Thị Trấn Phùng,53,2898.370804,21.0864777,105.6634813
Hà Nội,Huyện Đan Phượng,Xã Tân Hội,83,2797.473412,21.09337,105.6980589
Hà Nội,Huyện Đan Phượng,Xã Đan Phượng,113,1831.375,21.0895225,105.6650693
Hà Nội,Huyện Đan Phượng,Xã Phương Đình,143,1559.390431,21.1103807,105.6480318
Hà Nội,Huyện Đan Phượng,Xã Hồng Hà,173,1444.311787,21.131333,105.690092
Hà Nội,Huyện Đan Phượng,Xã Thọ Xuân,203,1276.941453,21.1230614,105.6482678
Hà Nội,Huyện Đan Phượng,Xã Liên Hà,233,1247.206467,21.109952,105.7173628
Hà Nội,Huyện Đan Phượng,Xã Thọ An,263,1178.720305,21.1272768,105.6409072
Hà Nội,Huyện Đan Phượng,Xã Đồng Tháp,293,1123.958597,21.0808827,105.6535851
Hà Nội,Huyện Đan Phượng,Xã Liên Hồng,323,1100.651619,21.1199444,105.705993
Hà Nội,Huyện Đan Phượng,Xã Hạ Mỗ,353,1095.430298,21.108222,105.6911109
Hà Nội,Huyện Đan Phượng,Xã Liên Trung,383,1065.73858,21.1061133,105.7211099
Hà Nội,Huyện Đan Phượng,Xã Trung Châu,413,1004.794048,21.1251759,105.6614014
Hà Nội,Huyện Đan Phượng,Xã Thượng Mỗ,443,876.986019,21.1076972,105.6787158
Hà Nội,Huyện Đan Phượng,Xã Song Phượng,473,813.2605972,21.0828064,105.6636136
Hà Nội,Huyện Ba Vì,Thị Trấn Tây Đằng,24,1838.956626,21.1983797,105.4202841
Hà Nội,Huyện Ba Vì,Xã Tản Lĩnh,54,1635.008172,21.1193625,105.4045362
Hà Nội,Huyện Ba Vì,Xã Ba Trại,84,1483.179601,21.1233224,105.3523395
Hà Nội,Huyện Ba Vì,Xã Vạn Thắng,114,1276.752836,21.2561579,105.394073
Hà Nội,Huyện Ba Vì,Xã Tản Hồng,144,1195.710129,21.2660594,105.4230645
Hà Nội,Huyện Ba Vì,Xã Vân Hòa,174,1186.338995,21.0648381,105.4017474
Hà Nội,Huyện Ba Vì,Xã Minh Quang,204,1118.120534,21.0782172,105.3172624
Hà Nội,Huyện Ba Vì,Xã Cẩm Lĩnh,234,1060.311809,21.1683225,105.356259
Hà Nội,Huyện Ba Vì,Xã Phú Châu,264,1003.940502,21.2322823,105.4279692
Hà Nội,Huyện Ba Vì,Xã Vật Lại,294,939.859947,21.1956896,105.3935418
Hà Nội,Huyện Ba Vì,Xã Thụy An,324,873.1052184,21.1584836,105.4091918
Hà Nội,Huyện Ba Vì,Xã Yên Bài,354,851.6700154,21.0439318,105.4317144
Hà Nội,Huyện Ba Vì,Xã Đồng Thái,384,785.6337404,21.2276245,105.3998736
Hà Nội,Huyện Ba Vì,Xã Chu Minh,414,744.6840513,21.1989081,105.4419891
Hà Nội,Huyện Ba Vì,Xã Phú Sơn,444,723.166586,21.2115771,105.3610737
Hà Nội,Huyện Ba Vì,Xã Thái Hòa,474,638.7396335,21.2321884,105.3751975
Hà Nội,Huyện Ba Vì,Xã Tòng Bạt,504,603.55152,21.1923434,105.3291795
Hà Nội,Huyện Ba Vì,Xã Cam Thượng,534,591.0972646,21.1608412,105.4525998
Hà Nội,Huyện Ba Vì,Xã Cổ Đô,564,567.7262051,21.2843846,105.3739517
Hà Nội,Huyện Ba Vì,Xã Phú Phương,594,564.5350292,21.2491894,105.4187946
Hà Nội,Huyện Ba Vì,Xã Khánh Thượng,624,562.5670534,21.0284505,105.343301
Hà Nội,Huyện Ba Vì,Xã Tiên Phong,654,556.2598379,21.1740164,105.4266726
Hà Nội,Huyện Ba Vì,Xã Sơn Đà,684,527.8513275,21.1729268,105.3143801
Hà Nội,Huyện Ba Vì,Xã Thuần Mỹ,714,527.0953111,21.1400058,105.3110053
Hà Nội,Huyện Ba Vì,Xã Châu Sơn,744,453.9210099,21.2597749,105.4233794
Hà Nội,Huyện Ba Vì,Xã Phong Vân,774,444.6381111,21.2574794,105.362615
Hà Nội,Huyện Ba Vì,Xã Phú Cường,804,412.397104,21.28682,105.4032501
Hà Nội,Huyện Ba Vì,Xã Đông Quang,834,381.7481248,21.1832463,105.4531518
Hà Nội,Huyện Ba Vì,Xã Phú Đông,864,354.5109293,21.2559648,105.3744329
Hà Nội,Huyện Ba Vì,Xã Minh Châu,894,346.8849473,21.2010856,105.4589452
Hà Nội,Huyện Ba Vì,Xã Ba Vì,924,323.8851747,21.0731435,105.3538091
Hà Nội,Huyện Quốc Oai,Xã Sài Sơn,25,2918.713662,21.0168378,105.6481839
Hà Nội,Huyện Quốc Oai,Thị Trấn Quốc Oai,55,2885.462402,20.9928276,105.6431382
Hà Nội,Huyện Quốc Oai,Xã Hòa Thạch,85,1353.705263,20.9461706,105.5780888
Hà Nội,Huyện Quốc Oai,Xã Đồng Quang,115,1296.363995,20.972257,105.651151
Hà Nội,Huyện Quốc Oai,Xã Đại Thành,145,1163.605668,20.96241,105.709645
Hà Nội,Huyện Quốc Oai,Xã Ngọc Mỹ,175,1121.269739,21.0010506,105.6218221
Hà Nội,Huyện Quốc Oai,Xã Ngọc Liệp,205,1058.809739,20.993755,105.5855654
Hà Nội,Huyện Quốc Oai,Xã Đông Yên,235,1046.39403,20.9318236,105.6002046
Hà Nội,Huyện Quốc Oai,Xã Phú Cát,265,1023.546652,20.9722453,105.5579951
Hà Nội,Huyện Quốc Oai,Xã Nghĩa Hương,295,1015.83337,20.9727604,105.6144225
Hà Nội,Huyện Quốc Oai,Xã Cấn Hữu,325,979.9720197,20.9558451,105.61865
Hà Nội,Huyện Quốc Oai,Xã Yên Sơn,355,914.681902,21.001107,105.659916
Hà Nội,Huyện Quốc Oai,Xã Cộng Hòa,385,907.9239519,20.9766472,105.6755494
Hà Nội,Huyện Quốc Oai,Xã Tân Hòa,415,799.8367555,20.964283,105.68088
Hà Nội,Huyện Quốc Oai,Xã Phượng Cách,445,731.8195982,21.013637,105.659669
Hà Nội,Huyện Quốc Oai,Xã Thạch Thán,475,729.7065829,20.9875215,105.631761
Hà Nội,Huyện Quốc Oai,Xã Tân Phú,505,584.4309622,20.96776,105.697773
Hà Nội,Huyện Quốc Oai,Xã Đông Xuân,535,581.0974487,20.9625456,105.5126641
Hà Nội,Huyện Quốc Oai,Xã Tuyết Nghĩa,565,546.9236053,20.9680308,105.5911418
Hà Nội,Huyện Quốc Oai,Xã Liệp Tuyết,595,441.2814567,20.980928,105.601188
Hà Nội,Huyện Quốc Oai,Xã Phú Mãn,625,397.5145155,20.943763,105.522394
Hà Nội,Huyện Phú Xuyên,Thị Trấn Phú Xuyên,26,2561.838421,20.7422142,105.9144004
Hà Nội,Huyện Phú Xuyên,Xã Chuyên Mỹ,56,1201.932257,20.7393356,105.8663553
Hà Nội,Huyện Phú Xuyên,Xã Minh Tân,86,1181.473038,20.6746003,105.9658823
Hà Nội,Huyện Phú Xuyên,Xã Phúc Tiến,116,1067.726643,20.7248021,105.9243863
Hà Nội,Huyện Phú Xuyên,Xã Châu Can,146,1017.770034,20.6915986,105.9003037
Hà Nội,Huyện Phú Xuyên,Xã Tân Dân,176,1005.723775,20.7441705,105.8687801
Hà Nội,Huyện Phú Xuyên,Xã Phượng Dực,206,967.2314655,20.7951852,105.8449451
Hà Nội,Huyện Phú Xuyên,Xã Tri Thủy,236,859.3317362,20.6986952,105.9558476
Hà Nội,Huyện Phú Xuyên,Xã Hồng Minh,266,855.6371573,20.7926338,105.8235488
Hà Nội,Huyện Phú Xuyên,Xã Phú Túc,296,851.2188085,20.7673142,105.8102543
Hà Nội,Huyện Phú Xuyên,Xã Đại Xuyên,326,797.063995,20.6968543,105.9147586
Hà Nội,Huyện Phú Xuyên,Xã Nam Tiến,356,796.857954,20.7721324,105.920856
Hà Nội,Huyện Phú Xuyên,Xã Đại Thắng,386,755.1086355,20.6968543,105.9147586
Hà Nội,Huyện Phú Xuyên,Thị Trấn Phú Minh,416,748.7093487,20.7821648,105.9173063
Hà Nội,Huyện Phú Xuyên,Xã Nam Phong,446,736.5355996,20.7536656,105.9223361
Hà Nội,Huyện Phú Xuyên,Xã Phú Yên,476,710.2858263,20.6960147,105.8997565
Hà Nội,Huyện Phú Xuyên,Xã Sơn Hà,506,693.9539372,20.7423995,105.8900264
Hà Nội,Huyện Phú Xuyên,Xã Khai Thái,536,677.8843068,20.7242288,105.9578761
Hà Nội,Huyện Phú Xuyên,Xã Quang Trung,566,649.930873,20.746743,105.891352
Hà Nội,Huyện Phú Xuyên,Xã Nam Triều,596,644.48,20.752255,105.931195
Hà Nội,Huyện Phú Xuyên,Xã Vân Từ,626,620.7934621,20.715389,105.896384
Hà Nội,Huyện Phú Xuyên,Xã Hoàng Long,656,595.384899,20.7579827,105.8332052
Hà Nội,Huyện Phú Xuyên,Xã Bạch Hạ,686,573.4876587,20.6933882,105.9534179
Hà Nội,Huyện Phú Xuyên,Xã Hồng Thái,716,556.2269782,20.7627838,105.9545738
Hà Nội,Huyện Phú Xuyên,Xã Quang Lãng,746,532.5162404,20.692857,105.9840096
Hà Nội,Huyện Phú Xuyên,Xã Văn Hoàng,776,438.6642563,20.770153,105.8498812
Hà Nội,Huyện Phú Xuyên,Xã Tri Trung,806,345.2362162,20.7943809,105.8285134
Hà Nội,Huyện Phúc Thọ,Xã Tam Hiệp,27,2100.853576,21.0781234,105.6202032
Hà Nội,Huyện Phúc Thọ,Xã Võng Xuyên,57,1568.847189,21.130042,105.5467634
Hà Nội,Huyện Phúc Thọ,Xã Hiệp Thuận,87,1383.855775,21.0746335,105.6334542
Hà Nội,Huyện Phúc Thọ,Xã Phụng Thượng,117,1347.940531,21.0948162,105.5837171
Hà Nội,Huyện Phúc Thọ,Thị Trấn Phúc Thọ,147,1297.327995,21.1068672,105.5382845
Hà Nội,Huyện Phúc Thọ,Xã Liên Hiệp,177,1235.27562,42.1210474,211.2833518
Hà Nội,Huyện Phúc Thọ,Xã Tích Giang,207,1017.293046,21.112405,105.513145
Hà Nội,Huyện Phúc Thọ,Xã Thọ Lộc,237,976.7166442,42.246088,211.062812
Hà Nội,Huyện Phúc Thọ,Xã Thanh Đa,267,966.3427226,21.1138613,105.6185209
Hà Nội,Huyện Phúc Thọ,Xã Sen Phương,297,935.6117106,21.1404797,105.52856
Hà Nội,Huyện Phúc Thọ,Xã Hát Môn,327,931.0754204,21.1284632,105.6166245
Hà Nội,Huyện Phúc Thọ,Xã Vân Phúc,357,900.7312606,21.1472128,105.5931294
Hà Nội,Huyện Phúc Thọ,Xã Long Xuyên,387,854.8877273,21.121713,105.579396
Hà Nội,Huyện Phúc Thọ,Xã Vân Nam,417,834.3731457,21.1443163,105.6052674
Hà Nội,Huyện Phúc Thọ,Xã Xuân Đình,447,824.2634299,21.1439351,105.5814334
Hà Nội,Huyện Phúc Thọ,Xã Ngọc Tảo,477,818.7822871,21.0937552,105.6010331
Hà Nội,Huyện Phúc Thọ,Xã Tam Thuấn,507,725.5461417,21.0994734,105.6223994
Hà Nội,Huyện Phúc Thọ,Xã Phúc Hòa,537,656.4729942,21.1032556,105.5572032
Hà Nội,Huyện Phúc Thọ,Xã Trạch Mỹ Lộc,567,591.5296143,21.0978337,105.5308833
Hà Nội,Huyện Phúc Thọ,Xã Thượng Cốc,597,516.6184541,21.125736,105.59992
Hà Nội,Huyện Phúc Thọ,Xã Vân Hà,627,213.4340049,21.1447724,105.6162799
Hà Nội,Huyện Phúc Thọ,Xã Thọ Lộc,657,1,0,0
Hà Nội,Huyện Phúc Thọ,Xã Liên Hiệp,687,1,0,0
Hà Nội,Thị Xã Sơn Tây,Xã Cổ Đông,28,2948.154454,21.0566451,105.5103082
Hà Nội,Thị Xã Sơn Tây,Phường Sơn Lộc,58,1654.194725,21.1209864,105.50131
Hà Nội,Thị Xã Sơn Tây,Xã Sơn Đông,88,1517.879047,21.0693924,105.4879987
Hà Nội,Thị Xã Sơn Tây,Phường Trung Hưng,118,1449.820558,21.1315081,105.497835
Hà Nội,Thị Xã Sơn Tây,Phường Quang Trung,148,1439.412099,21.1366049,105.5055028
Hà Nội,Thị Xã Sơn Tây,Xã Thanh Mỹ,178,1286.517802,21.1222123,105.4740107
Hà Nội,Thị Xã Sơn Tây,Phường Xuân Khanh,208,1233.711296,21.1097334,105.4456183
Hà Nội,Thị Xã Sơn Tây,Phường Trung Sơn Trầm,238,1158.605553,21.1099507,105.4951241
Hà Nội,Thị Xã Sơn Tây,Xã Kim Sơn,268,1151.508073,21.0820317,105.4566188
Hà Nội,Thị Xã Sơn Tây,Phường Phú Thịnh,298,1108.989533,21.1494812,105.4946989
Hà Nội,Thị Xã Sơn Tây,Phường Lê Lợi,328,1045.37009,21.1460373,105.5052868
Hà Nội,Thị Xã Sơn Tây,Xã Đường Lâm,358,888.8598156,21.1541665,105.474741
Hà Nội,Thị Xã Sơn Tây,Phường Ngô Quyền,388,851.886819,21.1430752,105.5005122
Hà Nội,Thị Xã Sơn Tây,Xã Xuân Sơn,418,730.175065,21.1316374,105.4413866
Hà Nội,Thị Xã Sơn Tây,Phường Viên Sơn,448,669.9237446,21.1488068,105.5097809
Hà Nội,Huyện Ứng Hòa,Thị Trấn Vân Đình,29,2230.524939,20.7347247,105.7694608
Hà Nội,Huyện Ứng Hòa,Xã Quảng Phú Cầu,59,1194.218338,20.7743646,105.7705756
Hà Nội,Huyện Ứng Hòa,Xã Vạn Thái,89,1017.776868,20.700772,105.775761
Hà Nội,Huyện Ứng Hòa,Xã Liên Bạt,119,918.7955267,20.7498231,105.767553
Hà Nội,Huyện Ứng Hòa,Xã Hòa Nam,149,885.9450671,20.685457,105.765877
Hà Nội,Huyện Ứng Hòa,Xã Phương Tú,179,878.568218,20.736562,105.803848
Hà Nội,Huyện Ứng Hòa,Xã Hòa Phú,209,700.2679348,20.6712007,105.7732539
Hà Nội,Huyện Ứng Hòa,Xã Kim Đường,239,680.5732451,20.6695273,105.8668337
Hà Nội,Huyện Ứng Hòa,Xã Hoa Sơn,269,673.9464719,20.78284,105.747494
Hà Nội,Huyện Ứng Hòa,Xã Trung Tú,299,653.6645101,20.725941,105.835121
Hà Nội,Huyện Ứng Hòa,Xã Đồng Tân,329,650.3194054,20.710552,105.842033
Hà Nội,Huyện Ứng Hòa,Xã Trường Thịnh,359,589.0792857,20.7662328,105.766544
Hà Nội,Huyện Ứng Hòa,Xã Minh Đức,389,586.6520066,20.6962784,105.8609372
Hà Nội,Huyện Ứng Hòa,Xã Viên An,419,586.6356664,20.800625,105.722481
Hà Nội,Huyện Ứng Hòa,Xã Hòa Xá,449,583.5781385,20.6914651,105.7538083
Hà Nội,Huyện Ứng Hòa,Xã Tảo Dương Văn,479,571.1007082,20.709975,105.795388
Hà Nội,Huyện Ứng Hòa,Xã Đồng Tiến,509,540.1950072,20.74255,105.742743
Hà Nội,Huyện Ứng Hòa,Xã Hòa Lâm,539,522.426645,20.688569,105.80871
Hà Nội,Huyện Ứng Hòa,Xã Đội Bình,569,493.7428211,20.664226,105.818944
Hà Nội,Huyện Ứng Hòa,Xã Đông Lỗ,599,459.7696795,20.7193277,105.7615077
Hà Nội,Huyện Ứng Hòa,Xã Đại Cường,629,456.5015945,20.653886,105.86077
Hà Nội,Huyện Ứng Hòa,Xã Hồng Quang,659,455.9242742,20.620575,105.800341
Hà Nội,Huyện Ứng Hòa,Xã Phù Lưu,689,407.1337271,20.6595209,105.7896798
Hà Nội,Huyện Ứng Hòa,Xã Sơn Công,719,395.2624675,20.748251,105.713549
Hà Nội,Huyện Ứng Hòa,Xã Đại Hùng,749,367.1345094,20.671585,105.836826
Hà Nội,Huyện Ứng Hòa,Xã Viên Nội,779,360.0370513,20.786748,105.727374
Hà Nội,Huyện Ứng Hòa,Xã Trầm Lộng,809,342.4953896,20.7209911,105.7616092
Hà Nội,Huyện Ứng Hòa,Xã Cao Thành,839,310.4135298,20.764043,105.734304
Hà Nội,Huyện Ứng Hòa,Xã Lưu Hoàng,869,273.8177201,20.652398,105.805459
Hà Nội,Huyện Mỹ Đức,Xã Hương Sơn,30,1536.600537,20.6142306,105.7870024
Hà Nội,Huyện Mỹ Đức,Thị Trấn Đại Nghĩa,60,1405.863909,20.686306,105.741014
Hà Nội,Huyện Mỹ Đức,Xã Tuy Lai,90,1133.213326,20.7711017,105.6830478
Hà Nội,Huyện Mỹ Đức,Xã Hợp Thanh,120,1015.767019,20.6873455,105.7005901
Hà Nội,Huyện Mỹ Đức,Xã Lê Thanh,150,849.3691704,20.7270386,105.7202233
Hà Nội,Huyện Mỹ Đức,Xã Phúc Lâm,180,828.6294769,20.8107061,105.7072516
Hà Nội,Huyện Mỹ Đức,Xã Hợp Tiến,210,779.4812874,20.6873455,105.7005901
Hà Nội,Huyện Mỹ Đức,Xã Đồng Tâm,240,758.2644703,20.8031678,105.6736998
Hà Nội,Huyện Mỹ Đức,Xã Phùng Xá,270,749.4231833,20.7229954,105.7675769
Hà Nội,Huyện Mỹ Đức,Xã Bột Xuyên,300,688.2648133,20.7822211,105.7157606
Hà Nội,Huyện Mỹ Đức,Xã Phù Lưu Tế,330,635.3429365,20.7162875,105.7237107
Hà Nội,Huyện Mỹ Đức,Xã An Phú,360,617.2511111,20.632295,105.70238
Hà Nội,Huyện Mỹ Đức,Xã An Mỹ,390,616.2736935,20.7500676,105.6901402
Hà Nội,Huyện Mỹ Đức,Xã Đại Hưng,420,572.6114835,20.664651,105.758089
Hà Nội,Huyện Mỹ Đức,Xã Hồng Sơn,450,479.7594264,20.7353947,105.7021344
Hà Nội,Huyện Mỹ Đức,Xã Hùng Tiến,480,462.7543427,20.6419162,105.7838154
Hà Nội,Huyện Mỹ Đức,Xã Vạn Kim,510,454.0466739,20.634208,105.781463
Hà Nội,Huyện Mỹ Đức,Xã Xuy Xá,540,413.0897497,20.7162875,105.7237107
Hà Nội,Huyện Mỹ Đức,Xã An Tiến,570,406.0510637,20.6583472,105.7364226
Hà Nội,Huyện Mỹ Đức,Xã Đốc Tín,600,401.4626235,20.6297094,105.7880965
Hà Nội,Huyện Mỹ Đức,Xã Thượng Lâm,630,370.5573882,20.7931874,105.6754676
Hà Nội,Huyện Mỹ Đức,Xã Mỹ Thành,660,232.1522296,20.7878499,105.7028477
TP. Hồ Chí Minh,Thành Phố Thủ Đức,Phường Hiệp Bình Chánh,1,32445.61871,10.8322102,106.7247962
TP. Hồ Chí Minh,Thành Phố Thủ Đức,Phường An Phú,23,29471.68998,10.795031,106.7443656
TP. Hồ Chí Minh,Thành Phố Thủ Đức,Phường Hiệp Bình Phước,45,23769.81031,10.8521046,106.7215346
TP. Hồ Chí Minh,Thành Phố Thủ Đức,Phường Phước Long B,67,22880.95723,10.8266462,106.7748355
TP. Hồ Chí Minh,Thành Phố Thủ Đức,Phường Linh Trung,89,19594.31875,10.8596068,106.7805003
TP. Hồ Chí Minh,Thành Phố Thủ Đức,Phường Phú Hữu,111,18931.11313,10.7909556,106.7993184
TP. Hồ Chí Minh,Thành Phố Thủ Đức,Phường Thảo Điền,133,18542.57953,10.8074245,106.7329501
TP. Hồ Chí Minh,Thành Phố Thủ Đức,Phường Long Bình,155,16491.58144,10.867446,106.8392943
TP. Hồ Chí Minh,Thành Phố Thủ Đức,Phường Long Thạnh Mỹ,177,16220.40302,10.8424104,106.8256473
TP. Hồ Chí Minh,Thành Phố Thủ Đức,Phường Trường Thọ,199,15522.802,10.836088,106.7567252
TP. Hồ Chí Minh,Thành Phố Thủ Đức,Phường Thạnh Mỹ Lợi,221,14504.88293,10.7733621,106.7597722
TP. Hồ Chí Minh,Thành Phố Thủ Đức,Phường Bình Chiểu,243,13722.6958,10.8778137,106.7323493
TP. Hồ Chí Minh,Thành Phố Thủ Đức,Phường An Khánh,265,13440.60003,10.7916585,106.7318343
TP. Hồ Chí Minh,Thành Phố Thủ Đức,Phường Linh Đông,287,11995.36181,10.8483113,106.7471122
TP. Hồ Chí Minh,Thành Phố Thủ Đức,Phường Bình Trưng Tây,309,11597.82402,10.7858408,106.7617892
TP. Hồ Chí Minh,Thành Phố Thủ Đức,Phường Tăng Nhơn Phú A,331,11333.84903,10.8435063,106.7941474
TP. Hồ Chí Minh,Thành Phố Thủ Đức,Phường Linh Xuân,353,10545.59759,10.879668,106.7712306
TP. Hồ Chí Minh,Thành Phố Thủ Đức,Phường Bình Trưng Đông,375,10119.70725,10.7862624,106.7747497
TP. Hồ Chí Minh,Thành Phố Thủ Đức,Phường Hiệp Phú,397,9899.618956,10.847658,106.7797654
TP. Hồ Chí Minh,Thành Phố Thủ Đức,Phường Tăng Nhơn Phú B,419,9770.189643,10.8356665,106.780672
TP. Hồ Chí Minh,Thành Phố Thủ Đức,Phường Tân Phú,441,9341.015005,10.8611937,106.8071466
TP. Hồ Chí Minh,Thành Phố Thủ Đức,Phường Tam Phú,463,8512.34118,10.862434,106.7441358
TP. Hồ Chí Minh,Thành Phố Thủ Đức,Phường Phước Long A,485,8392.221913,10.8255924,106.7651796
TP. Hồ Chí Minh,Thành Phố Thủ Đức,Phường Cát Lái,507,8167.035987,10.7779152,106.7688274
TP. Hồ Chí Minh,Thành Phố Thủ Đức,Phường Linh Tây,529,7649.66965,10.857921,106.754837
TP. Hồ Chí Minh,Thành Phố Thủ Đức,Phường Linh Chiểu,551,7338.032576,10.8537062,106.7638492
TP. Hồ Chí Minh,Thành Phố Thủ Đức,Phường Tam Bình,573,7193.94807,10.8675336,106.7358533
TP. Hồ Chí Minh,Thành Phố Thủ Đức,Phường Long Trường,595,6965.34221,10.8020288,106.8134593
TP. Hồ Chí Minh,Thành Phố Thủ Đức,Phường Trường Thạnh,617,5538.929021,10.8261404,106.8158626
TP. Hồ Chí Minh,Thành Phố Thủ Đức,Phường Bình Thọ,639,5332.539265,10.8456138,106.7663383
TP. Hồ Chí Minh,Thành Phố Thủ Đức,Phường Thủ Thiêm,661,5122.025348,10.7762685,106.7144193
TP. Hồ Chí Minh,Thành Phố Thủ Đức,Phường Phước Bình,683,4251.822598,10.8148436,106.7719173
TP. Hồ Chí Minh,Thành Phố Thủ Đức,Phường An Lợi Đông,705,3709.309536,10.7703265,106.7252683
TP. Hồ Chí Minh,Thành Phố Thủ Đức,Phường Long Phước,727,2046.040401,10.8097011,106.8611809
TP. Hồ Chí Minh,Quận Bình Tân,Phường Bình Hưng Hòa A,2,26267.10749,10.784004,106.6078353
TP. Hồ Chí Minh,Quận Bình Tân,Phường An Lạc,24,25635.89893,10.7249151,106.6129429
TP. Hồ Chí Minh,Quận Bình Tân,Phường Bình Hưng Hòa B,46,23096.85952,10.801923,106.5913656
TP. Hồ Chí Minh,Quận Bình Tân,Phường Bình Trị Đông,68,20746.18264,10.7663912,106.6167997
TP. Hồ Chí Minh,Quận Bình Tân,Phường Bình Hưng Hòa,90,19441.824,10.8077196,106.6034316
TP. Hồ Chí Minh,Quận Bình Tân,Phường Bình Trị Đông A,112,18690.44712,10.7693609,106.5956394
TP. Hồ Chí Minh,Quận Bình Tân,Phường Bình Trị Đông B,134,14966.86119,10.7504813,106.6128383
TP. Hồ Chí Minh,Quận Bình Tân,Phường Tân Tạo,156,14590.74516,10.7610471,106.58872
TP. Hồ Chí Minh,Quận Bình Tân,Phường Tân Tạo A,178,11406.15957,10.7547879,106.584389
TP. Hồ Chí Minh,Quận Bình Tân,Phường An Lạc A,200,8715.519581,10.7487261,106.6224286
TP. Hồ Chí Minh,Quận Bình Thạnh,Phường 22,3,22708.51519,10.7927545,106.7191314
TP. Hồ Chí Minh,Quận Bình Thạnh,Phường 25,25,22455.46733,10.8050639,106.7173289
TP. Hồ Chí Minh,Quận Bình Thạnh,Phường 13,47,15654.12853,10.8266462,106.7047977
TP. Hồ Chí Minh,Quận Bình Thạnh,Phường 26,69,15486.96211,10.8125673,106.7107414
TP. Hồ Chí Minh,Quận Bình Thạnh,Phường 12,91,12021.60857,10.8124408,106.7002487
TP. Hồ Chí Minh,Quận Bình Thạnh,Phường 11,113,10001.2326,10.8161503,106.6939401
TP. Hồ Chí Minh,Quận Bình Thạnh,Phường 24,135,7839.645236,10.7957801,106.6953508
TP. Hồ Chí Minh,Quận Bình Thạnh,Phường 17,157,7693.801133,10.7961691,106.7069435
TP. Hồ Chí Minh,Quận Bình Thạnh,Phường 15,179,6949.395787,10.8167836,106.719424
TP. Hồ Chí Minh,Quận Bình Thạnh,Phường 3,201,6675.031762,10.8003808,106.6959459
TP. Hồ Chí Minh,Quận Bình Thạnh,Phường 21,223,6370.409649,10.7905222,106.707997
TP. Hồ Chí Minh,Quận Bình Thạnh,Phường 19,245,5764.24581,10.790731,106.7100119
TP. Hồ Chí Minh,Quận Bình Thạnh,Phường 27,267,5456.459927,10.8164453,106.7204618
TP. Hồ Chí Minh,Quận Bình Thạnh,Phường 5,289,5168.057168,10.811682,106.6876316
TP. Hồ Chí Minh,Quận Bình Thạnh,Phường 7,311,5083.041624,10.8068765,106.6925668
TP. Hồ Chí Minh,Quận Bình Thạnh,Phường 2,333,4653.517058,10.8005111,106.7017078
TP. Hồ Chí Minh,Quận Bình Thạnh,Phường 14,355,4461.403341,10.8051903,106.6973305
TP. Hồ Chí Minh,Quận Bình Thạnh,Phường 6,377,4397.25552,10.8050639,106.7173289
TP. Hồ Chí Minh,Quận Bình Thạnh,Phường 28,399,3921.827576,10.8217566,106.7302465
TP. Hồ Chí Minh,Quận Bình Thạnh,Phường 1,421,3762.285633,10.798024,106.6977167
TP. Hồ Chí Minh,Quận Gò Vấp,Phường 14,4,16214.43502,10.8476354,106.6417776
TP. Hồ Chí Minh,Quận Gò Vấp,Phường 5,26,15718.8764,10.8275313,106.693511
TP. Hồ Chí Minh,Quận Gò Vấp,Phường 10,48,15557.15954,10.8329132,106.6709112
TP. Hồ Chí Minh,Quận Gò Vấp,Phường 3,70,14718.49199,10.8187905,106.6791511
TP. Hồ Chí Minh,Quận Gò Vấp,Phường 12,92,14254.23681,10.8359424,106.6406902
TP. Hồ Chí Minh,Quận Gò Vấp,Phường 11,114,13675.56401,10.8391193,106.6614456
TP. Hồ Chí Minh,Quận Gò Vấp,Phường 16,136,12777.72707,10.8464989,106.666088
TP. Hồ Chí Minh,Quận Gò Vấp,Phường 17,158,11192.52894,10.8408087,106.6751861
TP. Hồ Chí Minh,Quận Gò Vấp,Phường 6,180,9590.680919,10.8426122,106.6834563
TP. Hồ Chí Minh,Quận Gò Vấp,Phường 7,202,9498.460785,10.8408087,106.6751861
TP. Hồ Chí Minh,Quận Gò Vấp,Phường 8,224,9266.380265,10.840303,106.6504668
TP. Hồ Chí Minh,Quận Gò Vấp,Phường 9,246,8771.574811,10.8085766,106.674305
TP. Hồ Chí Minh,Quận Gò Vấp,Phường 15,268,8166.75219,10.8525115,106.6709227
TP. Hồ Chí Minh,Quận Gò Vấp,Phường 1,290,6732.314725,10.8176678,106.6886186
TP. Hồ Chí Minh,Quận Gò Vấp,Phường 13,312,5252.316242,10.8187905,106.6791511
TP. Hồ Chí Minh,Quận Gò Vấp,Phường 4,334,4775.957695,10.8187905,106.6791511
TP. Hồ Chí Minh,Quận Tân Bình,Phường 2,5,23934.4116,10.8064128,106.667118
TP. Hồ Chí Minh,Quận Tân Bình,Phường 13,27,20231.41652,10.8036306,106.6428279
TP. Hồ Chí Minh,Quận Tân Bình,Phường 15,49,19881.73866,10.823527,106.6355752
TP. Hồ Chí Minh,Quận Tân Bình,Phường 12,71,15147.46023,10.7999631,106.6504669
TP. Hồ Chí Minh,Quận Tân Bình,Phường 4,93,15095.45107,10.8006376,106.6586207
TP. Hồ Chí Minh,Quận Tân Bình,Phường 10,115,12470.76147,10.7821309,106.6466903
TP. Hồ Chí Minh,Quận Tân Bình,Phường 14,137,11075.94002,10.7937663,106.6419696
TP. Hồ Chí Minh,Quận Tân Bình,Phường 9,159,7389.54687,10.7747532,106.6511964
TP. Hồ Chí Minh,Quận Tân Bình,Phường 11,181,7309.177622,10.7890447,106.6480636
TP. Hồ Chí Minh,Quận Tân Bình,Phường 6,203,6379.156788,10.7841123,106.6589641
TP. Hồ Chí Minh,Quận Tân Bình,Phường 8,225,5180.22109,10.7834378,106.6526985
TP. Hồ Chí Minh,Quận Tân Bình,Phường 1,247,5154.130314,10.7957897,106.666603
TP. Hồ Chí Minh,Quận Tân Bình,Phường 7,269,4938.661779,10.7883702,106.6560888
TP. Hồ Chí Minh,Quận Tân Bình,Phường 5,291,4322.947728,10.7902251,106.6619253
TP. Hồ Chí Minh,Quận Tân Bình,Phường 3,313,3982.850626,10.7933868,106.6628265
TP. Hồ Chí Minh,Quận 12,Phường Hiệp Thành,6,19209.89086,10.881053,106.6388025
TP. Hồ Chí Minh,Quận 12,Phường Thạnh Xuân,28,18980.37099,10.8719549,106.6726095
TP. Hồ Chí Minh,Quận 12,Phường Tân Thới Nhất,50,18809.3122,10.8306721,106.6151355
TP. Hồ Chí Minh,Quận 12,Phường Tân Chánh Hiệp,72,18680.83902,10.8678527,106.6231544
TP. Hồ Chí Minh,Quận 12,Phường Thạnh Lộc,94,16669.53057,10.8731713,106.6860324
TP. Hồ Chí Minh,Quận 12,Phường An Phú Đông,116,13756.19574,10.8588271,106.6966734
TP. Hồ Chí Minh,Quận 12,Phường Tân Thới Hiệp,138,11614.73984,10.8616587,106.64156
TP. Hồ Chí Minh,Quận 12,Phường Thới An,160,11584.87788,10.8786809,106.6521484
TP. Hồ Chí Minh,Quận 12,Phường Đông Hưng Thuận,182,11548.50937,10.8428486,106.6309776
TP. Hồ Chí Minh,Quận 12,Phường Trung Mỹ Tây,204,10214.38632,10.8549056,106.6146723
TP. Hồ Chí Minh,Quận 12,Phường Tân Hưng Thuận,226,9755.558168,10.8380911,106.6235253
TP. Hồ Chí Minh,Quận 7,Phường Tân Phú,7,22441.97022,10.727068,106.7261695
TP. Hồ Chí Minh,Quận 7,Phường Tân Hưng,29,21144.96473,10.7449034,106.6981887
TP. Hồ Chí Minh,Quận 7,Phường Phú Thuận,51,20211.69894,10.7294201,106.7348597
TP. Hồ Chí Minh,Quận 7,Phường Tân Phong,73,18661.99502,10.7303569,106.7055701
TP. Hồ Chí Minh,Quận 7,Phường Tân Thuận Đông,95,15070.95498,10.745084,106.7316294
TP. Hồ Chí Minh,Quận 7,Phường Phú Mỹ,117,14112.40713,10.7061532,106.7378425
TP. Hồ Chí Minh,Quận 7,Phường Bình Thuận,139,11175.97719,10.7428374,106.7230796
TP. Hồ Chí Minh,Quận 7,Phường Tân Quy,161,10126.26516,10.7422471,106.7099475
TP. Hồ Chí Minh,Quận 7,Phường Tân Thuận Tây,183,9814.158114,10.7508483,106.7217063
TP. Hồ Chí Minh,Quận 7,Phường Tân Kiểng,205,9705.583573,10.7491196,106.7104625
TP. Hồ Chí Minh,Quận Tân Phú,Phường Tây Thạnh,8,18747.73628,10.812483,106.6237735
TP. Hồ Chí Minh,Quận Tân Phú,Phường Tân Quý,30,17909.18584,10.7941456,106.6222286
TP. Hồ Chí Minh,Quận Tân Phú,Phường Sơn Kỳ,52,17519.52493,10.8040522,106.6206836
TP. Hồ Chí Minh,Quận Tân Phú,Phường Tân Sơn Nhì,74,13362.31029,10.7992044,106.6320132
TP. Hồ Chí Minh,Quận Tân Phú,Phường Phú Thọ Hòa,96,12188.12888,10.78563,106.6275072
TP. Hồ Chí Minh,Quận Tân Phú,Phường Tân Thành,118,12177.26599,10.790984,106.6344165
TP. Hồ Chí Minh,Quận Tân Phú,Phường Hòa Thạnh,140,12008.26432,10.7786319,106.6376351
TP. Hồ Chí Minh,Quận Tân Phú,Phường Phú Thạnh,162,11769.56635,10.7799387,106.6271638
TP. Hồ Chí Minh,Quận Tân Phú,Phường Phú Trung,184,11365.89052,10.7765239,106.6420126
TP. Hồ Chí Minh,Quận Tân Phú,Phường Hiệp Tân,206,10820.91814,10.7716335,106.6272497
TP. Hồ Chí Minh,Quận Tân Phú,Phường Tân Thới Hòa,228,8553.115844,10.7635568,106.6308483
TP. Hồ Chí Minh,Huyện Bình Chánh,Xã Bình Hưng,9,29912.70529,10.7269776,106.65616
TP. Hồ Chí Minh,Huyện Bình Chánh,Xã Vĩnh Lộc A,31,17763.80444,10.8188059,106.5764808
TP. Hồ Chí Minh,Huyện Bình Chánh,Xã Vĩnh Lộc B,53,17290.64005,10.7908153,106.5772533
TP. Hồ Chí Minh,Huyện Bình Chánh,Xã Phong Phú,75,12803.46516,10.6968222,106.6546923
TP. Hồ Chí Minh,Huyện Bình Chánh,Xã Tân Kiên,97,6428.918027,10.7078955,106.5980823
TP. Hồ Chí Minh,Huyện Bình Chánh,Thị Trấn Tân Túc,119,5699.039395,10.6901149,106.5826774
TP. Hồ Chí Minh,Huyện Bình Chánh,Xã Lê Minh Xuân,141,4235.959279,10.7863046,106.5189635
TP. Hồ Chí Minh,Huyện Bình Chánh,Xã Phạm Văn Hai,163,3822.415976,10.791317,106.5139262
TP. Hồ Chí Minh,Huyện Bình Chánh,Xã Bình Chánh,185,3707.404035,10.6640614,106.5680161
TP. Hồ Chí Minh,Huyện Bình Chánh,Xã Đa Phước,207,3539.252001,10.6737662,106.6509389
TP. Hồ Chí Minh,Huyện Bình Chánh,Xã Hưng Long,229,3086.076445,10.650486,106.6238593
TP. Hồ Chí Minh,Huyện Bình Chánh,Xã An Phú Tây,251,3083.253299,10.6832971,106.6058778
TP. Hồ Chí Minh,Huyện Bình Chánh,Xã Tân Nhựt,273,2986.888627,10.7114664,106.5519332
TP. Hồ Chí Minh,Huyện Bình Chánh,Xã Tân Quý Tây,295,2765.548894,10.6558844,106.586995
TP. Hồ Chí Minh,Huyện Bình Chánh,Xã Quy Đức,317,1641.446765,10.6481241,106.6556167
TP. Hồ Chí Minh,Huyện Bình Chánh,Xã Bình Lợi,339,1395.99768,10.7519129,106.4805651
TP. Hồ Chí Minh,Quận 8,Phường 4,10,15402.52467,10.7404855,106.6761879
TP. Hồ Chí Minh,Quận 8,Phường 16,32,14534.31097,10.7191906,106.6236163
TP. Hồ Chí Minh,Quận 8,Phường 5,54,13497.60015,10.7379478,106.6629653
TP. Hồ Chí Minh,Quận 8,Phường 6,76,11505.02001,10.7331377,106.6485241
TP. Hồ Chí Minh,Quận 8,Phường 7,98,10353.97265,10.7056884,106.624332
TP. Hồ Chí Minh,Quận 8,Phường 15,120,7871.915284,10.7256211,106.6333834
TP. Hồ Chí Minh,Quận 8,Phường 2,142,6149.37005,10.7486993,106.6836874
TP. Hồ Chí Minh,Quận 8,Phường 3,164,6070.63225,10.7191906,106.6236163
TP. Hồ Chí Minh,Quận 8,Phường 1,186,5869.513208,10.7182284,106.6298664
TP. Hồ Chí Minh,Quận 8,Phường 9,208,4234.860422,10.7419664,106.651399
TP. Hồ Chí Minh,Quận 8,Phường 14,230,3167.972353,10.7390958,106.6472826
TP. Hồ Chí Minh,Quận 8,Phường 10,252,3109.25425,10.7191906,106.6236163
TP. Hồ Chí Minh,Quận 8,Phường 8,274,2977.469767,10.738472,106.6661507
TP. Hồ Chí Minh,Quận 8,Phường 12,296,2720.818231,10.7417608,106.6545273
TP. Hồ Chí Minh,Quận 8,Phường 13,318,2109.343972,10.7191906,106.6236163
TP. Hồ Chí Minh,Quận 8,Phường 11,340,1658.76953,10.7470518,106.6612893
TP. Hồ Chí Minh,Quận 1,Phường Bến Nghé,11,22299.77833,10.7801495,106.7032527
TP. Hồ Chí Minh,Quận 1,Phường Đa Kao,33,12848.72357,10.7888339,106.6987037
TP. Hồ Chí Minh,Quận 1,Phường Tân Định,55,10506.69769,10.7925016,106.6907644
TP. Hồ Chí Minh,Quận 1,Phường Bến Thành,77,9237.904445,10.7737414,106.6941118
TP. Hồ Chí Minh,Quận 1,Phường Nguyễn Cư Trinh,99,8291.46582,10.7630751,106.6863012
TP. Hồ Chí Minh,Quận 1,Phường Phạm Ngũ Lão,121,6837.110513,10.7673332,106.6905498
TP. Hồ Chí Minh,Quận 1,Phường Nguyễn Thái Bình,143,6399.323735,10.7686402,106.700592
TP. Hồ Chí Minh,Quận 1,Phường Cô Giang,165,5192.950079,10.7622107,106.6934252
TP. Hồ Chí Minh,Quận 1,Phường Cầu Kho,187,4233.361725,10.7581211,106.6890049
TP. Hồ Chí Minh,Quận 1,Phường Cầu Ông Lãnh,209,2776.223951,10.7654571,106.6967082
TP. Hồ Chí Minh,Huyện Hóc Môn,Xã Bà Điểm,12,13207.10245,10.8460353,106.6036891
TP. Hồ Chí Minh,Huyện Hóc Môn,Xã Thới Tam Thôn,34,12527.61466,10.8927081,106.61313
TP. Hồ Chí Minh,Huyện Hóc Môn,Xã Đông Thạnh,56,9956.342421,10.903352,106.6387939
TP. Hồ Chí Minh,Huyện Hóc Môn,Xã Xuân Thới Thượng,78,9437.872635,10.8606184,106.5694427
TP. Hồ Chí Minh,Huyện Hóc Môn,Xã Xuân Thới Đông,100,6430.577241,10.8675303,106.5924453
TP. Hồ Chí Minh,Huyện Hóc Môn,Xã Trung Chánh,122,6187.843855,10.8659288,106.6093539
TP. Hồ Chí Minh,Huyện Hóc Môn,Xã Xuân Thới Sơn,144,5179.865071,10.8770551,106.5823173
TP. Hồ Chí Minh,Huyện Hóc Môn,Xã Tân Xuân,166,5163.006295,10.8747294,106.6013671
TP. Hồ Chí Minh,Huyện Hóc Môn,Xã Tân Hiệp,188,4981.429665,10.9035521,106.5919127
TP. Hồ Chí Minh,Huyện Hóc Môn,Xã Tân Thới Nhì,210,3729.2139,10.8933224,106.578884
TP. Hồ Chí Minh,Huyện Hóc Môn,Thị Trấn Hóc Môn,232,3416.710297,10.8860463,106.5927134
TP. Hồ Chí Minh,Huyện Hóc Môn,Xã Nhị Bình,254,2122.174748,10.9114429,106.6739844
TP. Hồ Chí Minh,Quận 10,Phường 12,13,16748.86805,10.774563,106.6724584
TP. Hồ Chí Minh,Quận 10,Phường 14,35,15036.50305,10.7720346,106.661755
TP. Hồ Chí Minh,Quận 10,Phường 15,57,9628.045297,10.7818399,106.6650821
TP. Hồ Chí Minh,Quận 10,Phường 13,79,7127.587044,10.7793424,106.6706065
TP. Hồ Chí Minh,Quận 10,Phường 2,101,4715.127254,10.7630306,106.6736825
TP. Hồ Chí Minh,Quận 10,Phường 11,123,3972.545784,10.7707586,106.6696626
TP. Hồ Chí Minh,Quận 10,Phường 9,145,3961.644128,10.7665459,106.6707006
TP. Hồ Chí Minh,Quận 10,Phường 10,167,3502.840108,10.7691052,106.6728037
TP. Hồ Chí Minh,Quận 10,Phường 4,189,3139.844813,10.7631539,106.6696648
TP. Hồ Chí Minh,Quận 10,Phường 1,211,3059.772614,10.7650966,106.6777316
TP. Hồ Chí Minh,Quận 10,Phường 8,233,2733.351416,10.7650966,106.666118
TP. Hồ Chí Minh,Quận 10,Phường 5,255,2705.067279,10.7600929,106.6680856
TP. Hồ Chí Minh,Quận 10,Phường 6,277,2357.509415,10.7618896,106.6636383
TP. Hồ Chí Minh,Quận 10,Phường 7,299,1888.680683,10.774563,106.6724584
TP. Hồ Chí Minh,Quận Phú Nhuận,Phường 9,14,11587.55853,10.8030061,106.6778362
TP. Hồ Chí Minh,Quận Phú Nhuận,Phường 7,36,8407.406081,10.8008414,106.6885708
TP. Hồ Chí Minh,Quận Phú Nhuận,Phường 11,58,7104.026195,10.7925588,106.6761809
TP. Hồ Chí Minh,Quận Phú Nhuận,Phường 2,80,5533.339636,10.7982822,106.6859046
TP. Hồ Chí Minh,Quận Phú Nhuận,Phường 5,102,5360.950797,10.8058195,106.683768
TP. Hồ Chí Minh,Quận Phú Nhuận,Phường 8,124,5229.364087,10.7980573,106.6746959
TP. Hồ Chí Minh,Quận Phú Nhuận,Phường 13,146,5108.571622,10.7909778,106.6693146
TP. Hồ Chí Minh,Quận Phú Nhuận,Phường 10,168,4511.845306,10.7953652,106.6711121
TP. Hồ Chí Minh,Quận Phú Nhuận,Phường 4,190,4240.843774,10.8073372,106.6793266
TP. Hồ Chí Minh,Quận Phú Nhuận,Phường 15,212,4117.628818,10.7962988,106.6796145
TP. Hồ Chí Minh,Quận Phú Nhuận,Phường 1,234,3688.902914,10.7986961,106.6826391
TP. Hồ Chí Minh,Quận Phú Nhuận,Phường 3,256,3050.106263,10.7987922,106.6801889
TP. Hồ Chí Minh,Quận Phú Nhuận,Phường 17,278,2322.038425,10.7922773,106.6820861
TP. Hồ Chí Minh,Quận 3,Phường Võ Thị Sáu,15,24598.08998,10.782932,106.6893481
TP. Hồ Chí Minh,Quận 3,Phường 11,37,6395.2707,10.7862202,106.6698217
TP. Hồ Chí Minh,Quận 3,Phường 4,59,6008.078545,10.7736993,106.6828465
TP. Hồ Chí Minh,Quận 3,Phường 5,81,5592.142204,10.7718864,106.6857862
TP. Hồ Chí Minh,Quận 3,Phường 9,103,5462.872767,10.7826368,106.6796064
TP. Hồ Chí Minh,Quận 3,Phường 14,125,5104.7761,10.7890447,106.6793918
TP. Hồ Chí Minh,Quận 3,Phường 12,147,3272.696673,10.7883702,106.6738557
TP. Hồ Chí Minh,Quận 3,Phường 2,169,3201.545757,10.7676494,106.6818595
TP. Hồ Chí Minh,Quận 3,Phường 3,191,3124.659748,10.7704108,106.6793704
TP. Hồ Chí Minh,Quận 3,Phường 1,213,2856.274906,10.7682818,106.677289
TP. Hồ Chí Minh,Quận 3,Phường 10,235,2290.343583,10.7765833,106.6913559
TP. Hồ Chí Minh,Quận 3,Phường 13,257,2257.245303,10.7869808,106.676186
TP. Hồ Chí Minh,Quận 6,Phường 11,16,9854.619871,10.7443553,106.6317558
TP. Hồ Chí Minh,Quận 6,Phường 10,38,9343.070781,10.7368923,106.6281938
TP. Hồ Chí Minh,Quận 6,Phường 12,60,6595.445041,10.7503002,106.6336441
TP. Hồ Chí Minh,Quận 6,Phường 13,82,6559.177293,10.7527456,106.6278076
TP. Hồ Chí Minh,Quận 6,Phường 14,104,4197.409758,10.7579736,106.6307258
TP. Hồ Chí Minh,Quận 6,Phường 8,126,4008.184827,10.7434277,106.6404247
TP. Hồ Chí Minh,Quận 6,Phường 6,148,3130.655169,10.7551473,106.6342982
TP. Hồ Chí Minh,Quận 6,Phường 9,170,2542.641835,10.7522736,106.6406229
TP. Hồ Chí Minh,Quận 6,Phường 3,192,2501.45326,10.7408788,106.644449
TP. Hồ Chí Minh,Quận 6,Phường 5,214,2449.978636,10.7463369,106.6514969
TP. Hồ Chí Minh,Quận 6,Phường 2,236,2305.499492,10.7500051,106.6507244
TP. Hồ Chí Minh,Quận 6,Phường 1,258,2170.759447,10.7463369,106.6514969
TP. Hồ Chí Minh,Quận 6,Phường 4,280,2140.904632,10.7550146,106.6349096
TP. Hồ Chí Minh,Quận 6,Phường 7,302,2135.162226,10.7385367,106.6390943
TP. Hồ Chí Minh,Quận 11,Phường 5,17,6598.872165,10.7705416,106.643973
TP. Hồ Chí Minh,Quận 11,Phường 15,39,5969.518912,10.7739564,106.6552538
TP. Hồ Chí Minh,Quận 11,Phường 3,61,4614.203397,10.7607987,106.6389418
TP. Hồ Chí Minh,Quận 11,Phường 14,83,4206.83065,10.7691254,106.6487344
TP. Hồ Chí Minh,Quận 11,Phường 8,105,4032.225763,10.7611006,106.6487344
TP. Hồ Chí Minh,Quận 11,Phường 11,127,3373.253855,10.7660142,106.6504162
TP. Hồ Chí Minh,Quận 11,Phường 16,149,3193.490037,10.7555216,106.648647
TP. Hồ Chí Minh,Quận 11,Phường 10,171,3101.007417,10.7621734,106.6434051
TP. Hồ Chí Minh,Quận 11,Phường 1,193,2945.897868,10.7566804,106.6391461
TP. Hồ Chí Minh,Quận 11,Phường 7,215,2741.314969,10.760607,106.6597533
TP. Hồ Chí Minh,Quận 11,Phường 13,237,2725.435069,10.7639622,106.6555042
TP. Hồ Chí Minh,Quận 11,Phường 2,259,2385.176221,10.7573902,106.6436127
TP. Hồ Chí Minh,Quận 11,Phường 4,281,2172.034879,10.759412,106.6586519
TP. Hồ Chí Minh,Quận 11,Phường 6,303,2102.325691,10.7599723,106.6581164
TP. Hồ Chí Minh,Quận 11,Phường 12,325,2101.747979,10.7557812,106.6371699
TP. Hồ Chí Minh,Quận 11,Phường 9,347,1936.534041,10.773806,106.6471276
TP. Hồ Chí Minh,Huyện Củ Chi,Xã Tân Phú Trung,18,6279.531463,10.9422865,106.5385228
TP. Hồ Chí Minh,Huyện Củ Chi,Xã Bình Mỹ,40,5229.862063,10.9292146,106.6462612
TP. Hồ Chí Minh,Huyện Củ Chi,Xã Tân Thông Hội,62,5201.453105,10.9638801,106.506931
TP. Hồ Chí Minh,Huyện Củ Chi,Xã Tân Thạnh Đông,84,5002.385731,10.9569755,106.6011791
TP. Hồ Chí Minh,Huyện Củ Chi,Thị Trấn Củ Chi,106,4329.233499,10.9744159,106.4948968
TP. Hồ Chí Minh,Huyện Củ Chi,Xã Tân An Hội,128,3444.248783,10.9579007,106.471631
TP. Hồ Chí Minh,Huyện Củ Chi,Xã Phú Hòa Đông,150,2561.047449,11.0240928,106.5648662
TP. Hồ Chí Minh,Huyện Củ Chi,Xã Phước Vĩnh An,172,2365.815407,10.9845103,106.5215662
TP. Hồ Chí Minh,Huyện Củ Chi,Xã Trung An,194,2365.687019,10.9955413,106.5919733
TP. Hồ Chí Minh,Huyện Củ Chi,Xã Hòa Phú,216,2023.787757,10.977447,106.6169715
TP. Hồ Chí Minh,Huyện Củ Chi,Xã An Nhơn Tây,238,1972.321884,11.0870701,106.5136957
TP. Hồ Chí Minh,Huyện Củ Chi,Xã Phước Thạnh,260,1850.602194,11.0062416,106.4258479
TP. Hồ Chí Minh,Huyện Củ Chi,Xã Tân Thạnh Tây,282,1607.383193,10.9848474,106.5692665
TP. Hồ Chí Minh,Huyện Củ Chi,Xã Nhuận Đức,304,1290.930689,11.0322743,106.4873671
TP. Hồ Chí Minh,Huyện Củ Chi,Xã Phước Hiệp,326,1220.539617,10.9900647,106.4500522
TP. Hồ Chí Minh,Huyện Củ Chi,Xã Trung Lập Hạ,348,1212.285328,11.0086848,106.4716815
TP. Hồ Chí Minh,Huyện Củ Chi,Xã Thái Mỹ,370,1149.832274,10.9912655,106.3989828
TP. Hồ Chí Minh,Huyện Củ Chi,Xã An Phú,392,1107.302251,11.1108006,106.5065074
TP. Hồ Chí Minh,Huyện Củ Chi,Xã Trung Lập Thượng,414,1059.705563,11.0524922,106.45164
TP. Hồ Chí Minh,Huyện Củ Chi,Xã Phạm Văn Cội,436,1033.298167,11.034454,106.5230191
TP. Hồ Chí Minh,Huyện Củ Chi,Xã Phú Mỹ Hưng,458,697.945353,11.1310949,106.47889
TP. Hồ Chí Minh,Quận 4,Phường 13,19,7900.182315,10.7642977,106.7078018
TP. Hồ Chí Minh,Quận 4,Phường 1,41,6419.424312,10.7543899,106.6910863
TP. Hồ Chí Minh,Quận 4,Phường 6,63,4536.007637,10.7671406,106.7058638
TP. Hồ Chí Minh,Quận 4,Phường 16,85,4533.707271,10.7553174,106.7124795
TP. Hồ Chí Minh,Quận 4,Phường 4,107,3987.97564,10.7556547,106.7036819
TP. Hồ Chí Minh,Quận 4,Phường 2,129,3590.518731,10.7578893,106.6962575
TP. Hồ Chí Minh,Quận 4,Phường 8,151,3253.415867,10.7588906,106.703757
TP. Hồ Chí Minh,Quận 4,Phường 14,173,3105.853404,10.7668095,106.7055475
TP. Hồ Chí Minh,Quận 4,Phường 3,195,2778.835943,10.7537785,106.6992402
TP. Hồ Chí Minh,Quận 4,Phường 18,217,2639.398946,10.7571936,106.7168784
TP. Hồ Chí Minh,Quận 4,Phường 15,239,2631.07533,10.7543055,106.7077911
TP. Hồ Chí Minh,Quận 4,Phường 9,261,2471.813128,10.7636653,106.702373
TP. Hồ Chí Minh,Quận 4,Phường 10,283,2065.495276,10.7592004,106.7067483
TP. Hồ Chí Minh,Huyện Nhà Bè,Xã Phước Kiển,20,22286.89369,10.6949363,106.7049693
TP. Hồ Chí Minh,Huyện Nhà Bè,Thị Trấn Nhà Bè,42,7791.812141,10.6956953,106.7395591
TP. Hồ Chí Minh,Huyện Nhà Bè,Xã Phú Xuân,64,7147.149499,10.6790702,106.7509673
TP. Hồ Chí Minh,Huyện Nhà Bè,Xã Nhơn Đức,86,4597.383993,10.672965,106.6990041
TP. Hồ Chí Minh,Huyện Nhà Bè,Xã Hiệp Phước,108,2565.843585,10.6019797,106.7418765
TP. Hồ Chí Minh,Huyện Nhà Bè,Xã Long Thới,130,2365.219812,10.6505492,106.72971
TP. Hồ Chí Minh,Huyện Nhà Bè,Xã Phước Lộc,152,1919.753085,10.6994906,106.6847133
TP. Hồ Chí Minh,Quận 5,Phường 12,21,5367.448139,10.7561185,106.6581916
TP. Hồ Chí Minh,Quận 5,Phường 9,43,4994.119915,10.7586482,106.6709375
TP. Hồ Chí Minh,Quận 5,Phường 1,65,4722.778473,10.7535467,106.6816663
TP. Hồ Chí Minh,Quận 5,Phường 2,87,4666.151303,10.7566666,106.6804647
TP. Hồ Chí Minh,Quận 5,Phường 11,109,4432.588359,10.753631,106.6626977
TP. Hồ Chí Minh,Quận 5,Phường 4,131,4217.235277,10.7616838,106.6792631
TP. Hồ Chí Minh,Quận 5,Phường 7,153,3426.351394,10.7539261,106.6717529
TP. Hồ Chí Minh,Quận 5,Phường 5,175,2971.248885,10.7514807,106.6749715
TP. Hồ Chí Minh,Quận 5,Phường 14,197,2699.334422,10.752324,106.6550588
TP. Hồ Chí Minh,Quận 5,Phường 8,219,2613.736925,10.7535467,106.6816663
TP. Hồ Chí Minh,Quận 5,Phường 10,241,2312.674781,10.7513543,106.6695873
TP. Hồ Chí Minh,Quận 5,Phường 13,263,2099.048078,10.7491196,106.6566038
TP. Hồ Chí Minh,Quận 5,Phường 3,285,2070.742443,10.7535467,106.6816663
TP. Hồ Chí Minh,Quận 5,Phường 6,307,1723.125483,10.7535467,106.6816663
TP. Hồ Chí Minh,Huyện Cần Giờ,Xã Bình Khánh,22,2725.475292,10.6635602,106.7755651
TP. Hồ Chí Minh,Huyện Cần Giờ,Thị Trấn Cần Thạnh,44,1915.036689,10.4147541,106.9714754
TP. Hồ Chí Minh,Huyện Cần Giờ,Xã An Thới Đông,66,1768.034181,10.5888605,106.7902851
TP. Hồ Chí Minh,Huyện Cần Giờ,Xã Long Hòa,88,1418.129828,10.3795331,106.879828
TP. Hồ Chí Minh,Huyện Cần Giờ,Xã Lý Nhơn,110,865.9854798,10.4714385,106.7688703
TP. Hồ Chí Minh,Huyện Cần Giờ,Xã Tam Thôn Hiệp,132,672.4425469,10.5991293,106.8604273
TP. Hồ Chí Minh,Huyện Cần Giờ,Xã Thạnh An,154,651.3029509,10.4697294,106.9749498
